Song,Artist,Genre,Year,Streams,In Spotify Playlists,On Spotify Charts,Billboard Rankings,In Apple Playlists,On Apple Charts,In Deezer Playlists,In Deezer Charts,In YouTube Playlists,On Shazam Charts,Bpm,Decibel,Mode,Energy,Danceability,Liveness,Valence,Duration,Acousticness,Speechiness,Popularity
3,Britney Spears,Dance Pop,2010,339473453,2612,258,192,32497,69,7444,164,5718,127,135,-2,Major,71,70,14,79,213,5,5,62
43776,Beyoncé,Dance Pop,2015,665765558,5415,396,31,29766,31,1,34,17576,168,136,-5,Major,71,75,13,56,214,1,13,72
#Beautiful,Mariah Carey,Dance Pop,2013,245400167,1796,317,12,37077,12,10,33,15160,319,107,-5,Major,76,68,31,45,200,29,4,51
#SELFIE,The Chainsmokers,Electropop,2014,382199619,2988,331,109,3762,109,305,3,38113,149,128,-3,Major,92,79,8,66,184,1,25,65
#thatPOWER,will.i.am,Dance Pop,2013,473248298,3741,444,101,38461,101,1397,4,23843,320,128,-6,Minor,61,80,7,40,280,0,6,68
...Ready For It? - BloodPop® Remix,Taylor Swift,Pop,2018,246127838,1800,274,6,5969,6,19,46,28523,292,160,-5,Major,84,58,10,50,190,13,22,85
1+1,Beyoncé,Dance Pop,2011,311482393,2442,326,283,2868,55,5758,191,11754,339,63,-7,Minor,38,30,7,26,274,38,3,60
24K Magic,Bruno Mars,Pop,2017,496311364,3983,421,12,31539,12,51,1,8566,58,107,-4,Major,80,82,15,63,226,3,8,85
2U (feat. Justin Bieber),David Guetta,Dance Pop,2018,367814306,2915,197,19,34663,19,318,29,18886,200,145,-7,Minor,61,53,23,53,195,23,6,65
7 Years,Lukas Graham,Danish Pop,2016,1440757818,15894,27,38,19993,89,"2,094",13,17362,245,120,-6,Minor,47,77,39,34,237,29,5,80
A L I E N S,Coldplay,Permanent Wave,2017,221752937,1529,344,15,10611,15,116,24,16467,134,148,-5,Minor,88,43,21,25,282,0,4,41
A Little Party Never Killed Nobody (All We Got),Fergie,Dance Pop,2014,383550148,2995,429,188,12055,188,20,28,38655,306,130,-6,Major,62,76,9,52,241,1,18,65
A Sky Full of Stars,Coldplay,Permanent Wave,2014,307370144,2402,362,14,26502,14,24,21,7486,397,125,-6,Minor,68,55,21,16,268,1,3,60
A Thousand Years,Christina Perri,Dance Pop,2011,1690192927,21097,21,442,20617,78,3064,109,14577,21,139,-7,Minor,41,42,11,16,285,31,3,81
Adore You,Miley Cyrus,Dance Pop,2014,672656250,5481,308,3,18752,3,89,49,9604,80,120,-5,Major,66,58,11,20,279,11,3,72
Ain't Your Mama,Jennifer Lopez,Dance Pop,2016,652704649,5328,180,73,17392,73,633,3,10883,124,120,-6,Minor,68,76,7,82,218,5,23,72
Alejandro,Lady Gaga,Dance Pop,2010,528544703,4277,147,102,26608,73,2891,148,28066,121,99,-7,Major,80,63,36,37,274,0,5,69
Alive,Sia,Australian Dance,2015,313113297,2460,121,2,5862,2,15,1,36099,118,100,-4,Major,76,51,11,44,264,25,5,61
All About That Bass,Meghan Trainor,Dance Pop,2015,376333030,2954,114,21,39836,50,885,34,33303,378,134,-4,Major,88,81,11,96,189,5,5,65
All Around The World (La La La),R3HAB,Big Room,2019,1692897992,21106,21,65,6651,65,497,40,31812,123,125,-5,Minor,86,73,11,52,148,48,3,82
All I Ask,Adele,British Soul,2016,594482982,4796,312,23,9565,23,118,23,9558,305,142,-5,Major,28,59,15,34,272,88,3,71
All I Ask,Adele,British Soul,2017,585695368,4731,156,14,9922,50,"6,808",7,22924,164,142,-5,Minor,28,59,15,34,272,88,3,71
All of Me,John Legend,Neo Mellow,2014,2420461338,33966,2,47,20720,47,74,30,29211,387,120,-7,Minor,26,42,13,33,270,92,3,86
All The Right Moves,OneRepublic,Dance Pop,2010,395591396,3047,325,456,39151,97,8347,132,19653,179,146,-4,Major,95,53,28,65,238,26,5,65
All We Know,The Chainsmokers,Electropop,2016,635412045,5263,206,9,6196,9,46,44,29757,251,90,-9,Minor,59,66,12,30,194,10,3,72
American Oxygen,Rihanna,Barbadian Pop,2015,319546754,2482,363,14,38523,14,19,24,33308,369,78,-6,Major,75,39,33,48,320,5,9,61
Anaconda,Nicki Minaj,Dance Pop,2014,244741137,1769,366,3,30483,3,27,13,35941,325,130,-6,Minor,60,96,21,65,260,7,18,50
Angel,Fifth Harmony,Dance Pop,2017,300983101,2302,299,17,24219,17,30,45,39025,352,124,-6,Major,53,74,35,13,189,0,4,59
Animal,Neon Trees,Indie Pop,2010,394030335,3045,158,276,35889,68,1917,63,7729,113,148,-6,Minor,83,48,38,74,212,0,4,65
Animals,Maroon 5,Pop,2015,956865266,8559,88,18,7768,18,39,2,2878,38,190,-6,Minor,74,28,59,33,231,0,9,85
Antisocial (with Travis Scott),Ed Sheeran,Pop,2019,1145727611,10565,94,94,13115,94,"1,992",22,29521,67,152,-5,Major,82,72,36,91,162,13,5,78
Anything Could Happen,Ellie Goulding,Dance Pop,2013,253650850,1890,120,15,5805,15,6,38,20821,271,103,-4,Minor,78,70,14,38,286,43,3,52
Anywhere,Rita Ora,Dance Pop,2018,789753877,6858,445,6,20971,6,105,1,39466,72,107,-4,Major,80,63,10,32,215,4,6,74
Applause,Lady Gaga,Dance Pop,2013,254218729,1900,401,10,21149,10,8062,22,26064,397,140,-4,Minor,78,67,11,73,212,3,5,52
Atlas - From The Hunger Games: Catching Fire Soundtrack,Coldplay,Permanent Wave,2013,272377463,2005,164,112,26195,112,"2,163",5,25535,185,136,-8,Major,45,28,11,11,236,63,3,55
Attention,Charlie Puth,Dance Pop,2018,1791000570,22730,19,50,39585,50,463,4,8424,396,100,-5,Major,61,78,13,80,209,11,5,83
Baby,Justin Bieber,Canadian Pop,2010,1143647827,10431,84,313,17210,84,9618,117,10525,145,65,-5,Major,86,73,11,54,214,4,14,77
Baby Don't Lie,Gwen Stefani,Dance Pop,2015,247689123,1838,238,7,34437,7,14,7,11802,240,100,-5,Major,55,69,10,26,203,1,3,52
Bad At Love,Halsey,Dance Pop,2018,1163093654,10624,85,24,8529,24,254,29,5475,10,118,-4,Minor,75,68,9,61,181,6,3,78
Bad Liar,Selena Gomez,Dance Pop,2018,826623384,7495,213,73,29371,73,344,33,21089,364,121,-6,Minor,41,97,8,73,215,19,7,75
Bad Romance,Lady Gaga,Dance Pop,2010,1406111294,15032,47,322,5303,79,4026,120,28604,387,119,-4,Major,92,70,8,71,295,0,4,79
Bang Bang,Jessie J,Australian Pop,2015,317726339,2468,133,51,24307,51,12,47,22502,249,150,-4,Minor,75,71,38,73,199,27,9,61
Bang My Head (feat. Sia & Fetty Wap),David Guetta,Dance Pop,2015,263779030,1959,340,107,24596,107,"3,631",33,7678,140,108,-4,Major,87,60,10,59,193,5,8,54
Beautiful Birds (feat. Birdy),Passenger,Folk-Pop,2016,211372494,1480,116,46,7849,18,7,46,36020,378,86,-13,Major,17,39,11,14,214,91,3,36
Beautiful People (feat. Khalid),Ed Sheeran,Pop,2019,2303033973,33206,3,159,36977,159,"2,179",36,18353,282,93,-8,Major,65,64,8,55,198,12,19,86
Beauty And A Beat,Justin Bieber,Canadian Pop,2012,681583126,5730,201,7,21448,51,6854,192,25528,116,128,-5,Major,84,60,7,53,228,0,6,72
Been You,Justin Bieber,Canadian Pop,2015,305650299,2350,383,29,11599,29,3,32,15913,165,113,-6,Minor,78,74,32,86,199,2,7,60
Behind Your Back,Nelly Furtado,Canadian Latin,2016,200647221,1379,244,8,25479,8,104,32,16798,58,98,-10,Major,47,80,7,69,228,25,4,18
Beneath Your Beautiful,Labrinth,Pop,2013,566954746,4576,128,56,29419,56,17,39,18929,238,84,-6,Minor,52,56,10,23,272,23,4,70
Best Song Ever,One Direction,Boy Band,2013,725980112,6392,294,18,7159,18,6,44,22204,259,118,-3,Minor,88,65,8,49,200,2,5,73
Best Thing I Never Had,Beyoncé,Dance Pop,2011,743693613,6556,371,496,10913,78,1161,173,9990,202,99,-4,Major,65,55,9,30,254,14,3,73
Birthday,Katy Perry,Dance Pop,2014,380726517,2979,137,18,23929,72,49,9,4930,379,126,-5,Minor,67,72,11,84,215,9,7,65
Blah Blah Blah (feat. 3OH!3),Kesha,Dance Pop,2010,338422004,2605,132,383,24647,71,8511,156,17025,336,120,-3,Minor,84,75,42,52,172,8,12,62
Blame,Calvin Harris,Dance Pop,2015,951637566,8528,68,16,14263,90,1016,38,24996,214,128,-4,Minor,86,41,34,35,213,3,8,76
Bloodstream,Ed Sheeran,Pop,2015,248088961,1856,240,30,14909,30,13,1,38297,298,89,-6,Major,59,48,6,27,309,20,5,52
Blow,Kesha,Dance Pop,2011,363472647,2849,413,119,34302,80,9891,128,2867,153,120,-4,Minor,73,75,7,81,220,0,4,64
Blow Me (One Last Kiss),P!nk,Dance Pop,2012,2000,1367,139,433,36988,59,2485,138,25675,284,114,-3,Minor,92,60,25,75,256,0,4,0
Blown,DNCE,Dance Pop,2016,237351106,1678,248,5,10531,5,13,23,9300,345,130,-5,Minor,95,63,10,73,197,0,4,48
Blurred Lines,Robin Thicke,Dance Pop,2013,983637508,8737,94,21,5639,21,14,24,8951,218,120,-5,Minor,60,85,8,84,264,0,4,76
BO$$,Fifth Harmony,Dance Pop,2015,408843328,3242,116,41,35145,59,10,5,26128,298,103,-5,Major,87,81,5,74,171,1,11,66
Bodak Yellow,Cardi B,Pop,2017,540654286,4431,400,3,18992,92,107,2,4441,331,125,-6,Major,72,93,35,46,224,7,11,70
Body Moves,DNCE,Dance Pop,2017,330346424,2566,392,77,15748,77,61,43,34445,96,102,-5,Major,69,65,4,86,236,0,4,62
Body Say,Demi Lovato,Dance Pop,2016,372476382,2942,164,90,20924,90,141,49,1254,71,87,-5,Minor,74,63,28,26,194,0,4,65
Bon appétit,Katy Perry,Dance Pop,2017,461437791,3600,278,5,10930,5,182,1,36019,395,106,-6,Minor,79,80,22,52,228,13,6,68
Boom Boom,RedOne,Moroccan Pop,2018,258316038,1930,218,125,30678,125,"6,280",2,6851,256,110,-8,Major,76,75,20,58,248,0,5,53
Boom Clap - From the Motion Picture Das Schicksal ist ein mieser Verräter,Charli XCX,Candy Pop,2014,244658767,1756,388,1,16363,1,13,18,31769,144,92,-4,Major,81,68,34,64,169,7,6,50
Booty,Jennifer Lopez,Dance Pop,2015,362361576,2814,278,10,30989,10,9,15,2583,387,129,-4,Minor,95,71,26,40,210,0,5,64
Born This Way,Lady Gaga,Dance Pop,2011,759208783,6638,373,117,13760,80,1275,163,17571,69,124,-5,Major,83,59,33,49,260,0,16,73
Bound To You - Burlesque Original Motion Picture Soundtrack,Christina Aguilera,Dance Pop,2010,326792833,2537,413,449,26619,94,697,153,24538,379,164,-5,Major,41,29,13,7,264,83,3,61
Boyfriend,Justin Bieber,Canadian Pop,2012,608334048,4967,334,356,3360,61,6352,95,36002,89,97,-6,Minor,55,72,13,33,171,4,5,71
Brave,Sara Bareilles,Acoustic Pop,2013,606361689,4893,243,143,9691,143,"1,632",3,2338,193,185,-4,Major,84,55,4,76,221,1,5,71
Break Free,Ariana Grande,Dance Pop,2015,850608354,7681,231,4,10550,4,52,21,19025,125,130,-5,Minor,70,69,20,28,215,1,5,75
Break Your Heart,Taio Cruz,Dance Pop,2010,208166039,1473,410,135,8583,93,4831,166,23662,331,122,-5,Major,90,67,8,63,186,0,3,33
Broken Arrows,Avicii,Big Room,2015,373199958,2942,362,5,6733,5,21,5,33707,3,116,-7,Major,67,63,10,29,233,5,5,65
Burn,Ellie Goulding,Dance Pop,2014,600976848,4875,128,7,32491,7,10,8,10754,91,87,-5,Minor,78,56,11,33,231,31,4,71
BURNITUP!,Janet Jackson,Dance Pop,2016,206399629,1452,207,101,31694,101,113,26,34744,290,123,-7,Major,71,83,31,83,250,5,18,31
Cake By The Ocean,DNCE,Dance Pop,2016,1608164312,19806,45,80,11837,80,38,18,18920,220,119,-5,Major,75,77,4,90,219,15,5,81
California Gurls,Katy Perry,Dance Pop,2010,339659802,2616,128,286,28089,89,5821,189,14604,237,125,-4,Minor,75,79,18,40,235,0,5,62
Call Me Maybe,Carly Rae Jepsen,Canadian Pop,2012,999748277,8879,87,346,16666,79,7014,58,31764,189,120,-7,Major,58,78,11,66,193,1,4,76
Call You Mine,The Chainsmokers,Electropop,2019,1575467011,18371,28,34,6464,34,710,23,1098,334,104,-6,Major,70,59,34,52,218,20,3,81
Came Here for Love,Sigala,Dance Pop,2017,538115192,4326,165,31,12982,31,212,1,5771,395,125,-3,Major,87,71,12,72,203,3,4,70
Cannonball,Lea Michele,Hollywood,2014,212351890,1492,327,24,35005,29,9,42,17334,389,92,-3,Major,82,56,19,57,215,2,5,37
Can't Hold Us (feat. Ray Dalton),Macklemore & Ryan Lewis,Dance Pop,2013,571386359,4635,230,135,7850,135,"1,034",37,6264,253,146,-4,Major,93,63,10,88,258,3,8,70
Can't Remember to Forget You (feat. Rihanna),Shakira,Colombian Pop,2014,332506354,2578,376,1,7326,1,2,23,22827,313,138,-4,Major,81,69,14,82,207,12,7,62
"CAN'T STOP THE FEELING! (Original Song from DreamWorks Animation's ""TROLLS"")",Justin Timberlake,Dance Pop,2016,1304313953,14114,58,1,6504,1,67,11,37595,16,113,-6,Minor,83,67,19,70,236,1,7,79
Capital Letters,Hailee Steinfeld,Dance Pop,2018,918915401,8186,100,11,19568,11,201,5,5571,126,100,-6,Major,81,66,5,46,219,3,8,76
Castle Walls (feat. Christina Aguilera),T.I.,Atl Hip Hop,2010,240684449,1703,313,417,30525,79,1823,135,21275,205,80,-5,Minor,86,45,26,58,329,7,39,49
Castle Walls (feat. Christina Aguilera),T.I.,Atl Hip Hop,2011,240661097,1701,319,124,26277,60,6606,68,12833,352,80,-5,Major,86,45,26,58,329,7,39,49
"Celebrate (From the Original Motion Picture ""Penguins of Madagascar"")",Pitbull,Dance Pop,2015,242767149,1730,180,1,37681,1,17,14,19649,27,127,-3,Major,85,68,6,93,193,1,6,50
Chained To The Rhythm,Katy Perry,Dance Pop,2017,624101957,5184,418,7,10910,7,13,8,27685,153,190,-5,Major,80,45,20,47,238,8,17,72
Champagne Problems,Nick Jonas,Dance Pop,2016,240769997,1715,382,85,8470,85,238,1,24768,170,108,-5,Minor,78,73,9,64,193,0,13,50
Chandelier,Sia,Australian Dance,2014,279717388,2050,398,115,28583,115,"1,212",12,6767,336,174,-3,Major,78,29,7,62,216,2,7,56
Change,Christina Aguilera,Dance Pop,2016,263453310,1950,179,3,33514,3,30,38,34060,263,82,-6,Minor,54,62,13,20,187,68,8,54
Cheap Thrills,Sia,Australian Dance,2016,357580552,2795,149,2,4570,2,11,34,20790,269,90,-5,Minor,80,59,8,73,225,6,22,64
Cheers (Drink To That),Rihanna,Barbadian Pop,2011,295152154,2235,105,323,16571,64,9862,128,1104,179,80,-4,Major,91,58,29,73,262,2,4,58
Chun-Li,Nicki Minaj,Dance Pop,2018,698086140,6074,339,43,13067,43,45,20,5122,79,129,-5,Minor,73,69,11,48,192,28,37,73
Clarity,Zedd,Complextro,2013,863756573,7830,289,148,27103,148,"2,703",22,30362,3,128,-3,Major,78,51,7,18,271,4,7,75
Close,Nick Jonas,Dance Pop,2016,651732901,5290,157,70,8810,70,142,20,22076,290,124,-5,Minor,62,65,14,40,234,25,8,72
Closer,The Chainsmokers,Electropop,2017,2355719893,33898,2,19,7756,19,135,49,11664,295,95,-6,Major,52,75,11,66,245,41,3,86
Clown,Emeli Sandé,Dance Pop,2013,307752576,2415,247,1,12386,1,6,13,16178,129,130,-8,Major,23,45,11,23,221,92,4,60
Club Can't Handle Me (feat. David Guetta),Flo Rida,Dance Pop,2010,782369383,6804,394,178,19495,63,2696,111,34460,333,128,-4,Minor,87,62,6,47,235,3,3,73
Cold (feat. Future),Maroon 5,Pop,2017,621660989,5153,340,50,11958,94,24,18,21715,64,100,-6,Major,72,69,5,41,234,14,11,72
Cold Water (feat. Justin Bieber & MØ),Major Lazer,Dance Pop,2016,711366595,6135,280,1,20475,1,49,26,4191,274,93,-5,Minor,80,61,16,50,185,7,4,73
Come & Get It,Selena Gomez,Dance Pop,2013,287201015,2163,161,97,31499,97,"3,394",11,1045,149,80,-4,Minor,79,55,10,58,232,1,5,57
Come Get It Bae,Pharrell Williams,Dance Pop,2014,301242089,2308,407,15,14623,15,1,10,12572,218,120,-6,Major,80,93,10,90,202,27,8,59
Company,Justin Bieber,Canadian Pop,2015,655466831,5342,234,100,36292,100,59,1,18865,122,95,-5,Major,80,59,8,43,208,13,6,72
Company,Justin Bieber,Canadian Pop,2016,624515457,5199,228,60,5749,60,87,12,9774,282,95,-5,Major,80,59,8,43,208,13,6,72
Con Calma - Remix,Daddy Yankee,Latin,2019,888046992,8084,88,52,26208,52,612,6,29238,384,94,-3,Minor,87,74,4,61,181,17,5,76
Confident,Demi Lovato,Dance Pop,2016,843957510,7655,389,48,24263,48,20,9,36757,98,130,-6,Minor,75,59,9,34,206,0,7,75
Cool Girl,Tove Lo,Dance Pop,2016,497225336,4004,136,6,19927,6,25,22,32466,398,102,-7,Minor,69,67,8,20,199,31,11,69
Cooler Than Me - Single Mix,Mike Posner,Dance Pop,2010,775542072,6672,331,205,10791,65,282,101,34800,25,130,-5,Major,82,77,70,63,213,18,5,73
Crazy Kids (feat. will.i.am),Kesha,Dance Pop,2013,235549288,1639,300,21,25212,21,24,41,17329,181,128,-4,Major,75,72,13,50,229,4,4,46
Cross Me (feat. Chance the Rapper & PnB Rock),Ed Sheeran,Pop,2019,822633917,7370,241,70,18403,70,384,12,6541,22,95,-6,Major,79,75,7,61,206,21,12,75
Cruel (feat. ZAYN),Snakehips,Dance Pop,2016,342779426,2619,126,3,2089,3,39,11,35572,337,110,-4,Major,88,60,16,32,228,2,12,63
Crying in the Club,Camila Cabello,Dance Pop,2017,843309044,7615,129,2,14191,2,51,11,10931,328,85,-6,Minor,62,33,16,60,216,33,38,75
Cut To The Feeling,Carly Rae Jepsen,Canadian Pop,2017,488386797,3947,288,59,28898,61,23,10,11163,311,115,-3,Minor,91,71,30,65,208,1,6,69
Dance Again,Jennifer Lopez,Dance Pop,2012,421040617,3282,230,353,15752,54,2938,139,27346,142,128,-5,Minor,86,79,10,71,237,2,7,66
Dangerous,Jennifer Hudson,Dance Pop,2015,200660871,1397,180,4,24057,4,34,1,38993,25,109,-5,Minor,53,90,8,65,255,0,5,18
Dangerous Woman,Ariana Grande,Dance Pop,2016,1210599487,11985,70,37,9784,44,4746,17,36777,354,134,-5,Major,60,66,36,29,236,5,4,78
Dark Horse,Katy Perry,Dance Pop,2014,1235005533,12685,52,3,18660,3,24,6,39225,200,132,-6,Minor,59,65,17,35,216,0,5,78
Daylight,Maroon 5,Pop,2013,417230415,3272,219,35,36116,35,1,21,13690,363,120,-5,Major,67,66,26,37,225,0,3,66
Dear Future Husband,Meghan Trainor,Dance Pop,2015,671365962,5443,334,65,845,56,1773,46,15101,375,79,-5,Major,78,66,32,83,184,38,19,72
Desire,Years & Years,Dance Pop,2016,291709698,2224,133,29,34743,29,14,35,22777,356,126,-5,Major,78,71,30,64,203,30,6,58
Despacito - Remix,Luis Fonsi,Latin,2017,939844851,8476,64,92,1308,92,259,26,30033,226,178,-4,Major,82,65,10,82,229,23,17,76
Diamonds,Rihanna,Barbadian Pop,2012,323437194,2528,265,19,7500,88,395,170,3799,275,92,-5,Major,71,56,11,39,225,0,5,61
Die Young,Kesha,Dance Pop,2013,865640097,7842,82,3,11029,3,19,3,23832,353,128,-5,Major,70,71,22,80,212,0,5,75
DJ Got Us Fallin' In Love (feat. Pitbull),Usher,Atl Hip Hop,2010,255932395,1915,379,353,38741,83,7237,129,39286,224,120,-3,Major,86,66,8,65,221,3,11,52
Do You Wanna Come Over?,Britney Spears,Dance Pop,2016,209106362,1473,225,12,19646,12,38,7,10222,297,121,-6,Minor,70,75,11,45,203,1,7,34
Doesn't Mean Anything,Alicia Keys,Hip Hop,2010,290228626,2186,243,182,35940,74,2427,95,12669,173,104,-7,Major,41,71,10,10,273,4,3,57
Dog Days Are Over,Florence + The Machine,Art Pop,2010,297328960,2265,290,384,6686,67,4668,117,23606,107,150,-5,Minor,81,50,12,26,253,3,9,58
Domino,Jessie J,Australian Pop,2012,513643924,4188,155,76,32534,56,7889,179,9911,203,127,-5,Minor,55,76,4,78,232,1,3,69
Don't,Ed Sheeran,Pop,2015,800840817,6955,137,2,28780,2,33,14,12052,90,95,-7,Major,61,81,64,85,220,1,7,74
Don't Be A Fool,Shawn Mendes,Canadian Pop,2016,370068639,2939,122,16,12756,16,14,36,24695,265,175,-6,Minor,34,47,10,27,216,60,4,65
Don't Be so Hard on Yourself,Jess Glynne,Dance Pop,2015,246390068,1818,252,1,38773,1,15,29,22026,10,120,-3,Major,82,57,16,66,211,6,3,52
Don't Call Me Up,Mabel,Dance Pop,2019,2282771485,32502,3,77,21005,77,"1,535",3,38258,200,99,-3,Major,88,67,8,23,178,30,15,86
Don't Let Me Down,The Chainsmokers,Electropop,2016,1608045237,19664,42,48,21020,48,50,20,33013,69,160,-5,Minor,87,53,14,42,208,16,17,81
Don't Stop the Party (feat. TJR),Pitbull,Dance Pop,2012,302006641,2321,100,49,37647,91,4044,166,12504,386,127,-4,Minor,96,72,38,95,206,1,9,59
Don't You Worry Child - Radio Edit,Swedish House Mafia,Big Room,2013,1252563873,12755,53,9,37084,9,12,10,12973,83,129,-3,Major,84,61,12,44,213,11,5,78
"Downtown (feat. Melle Mel, Grandmaster Caz, Kool Moe Dee & Eric Nally)",Macklemore & Ryan Lewis,Dance Pop,2015,553634067,4511,320,110,7252,110,163,2,21890,328,110,-4,Major,61,83,29,71,293,9,7,70
Drip (feat. Migos),Cardi B,Pop,2018,231332117,1612,275,123,6636,123,7,26,4493,47,130,-8,Minor,59,97,8,27,264,5,26,45
Drunk in Love,Beyoncé,Dance Pop,2014,248511839,1860,390,1,14482,1,17,37,38580,61,140,-7,Minor,62,59,18,40,323,1,5,52
Dusk Till Dawn - Radio Edit,ZAYN,Dance Pop,2018,1802514301,22923,19,111,29548,111,310,7,37592,377,180,-7,Minor,44,26,11,10,239,10,4,83
Dynamite,Taio Cruz,Dance Pop,2010,1138474110,10426,73,116,11495,73,2795,106,2496,234,120,-4,Major,78,75,4,82,203,0,9,77
E.T.,Katy Perry,Dance Pop,2011,421135627,3291,272,288,6108,50,1403,147,8391,146,152,-5,Major,87,62,37,76,230,2,18,66
"Earned It (Fifty Shades Of Grey) - From The ""Fifty Shades Of Grey"" Soundtrack",The Weeknd,Canadian Contemporary R&B,2015,1316855716,14143,51,54,13758,54,34,41,30799,329,120,-6,Minor,38,66,10,44,252,39,3,79
Easy Love,Sigala,Dance Pop,2015,433356509,3430,293,11,24523,11,20,35,4457,88,124,-4,Minor,94,68,12,65,230,18,6,67
Eenie Meenie,Sean Kingston,Dance Pop,2010,610045621,5073,335,348,11720,63,3175,193,28880,349,121,-4,Major,61,72,11,83,202,5,3,71
Elastic Heart,Sia,Australian Dance,2015,720825549,6290,222,91,12614,91,"4,607",1,4841,138,130,-5,Major,79,42,15,50,257,1,5,73
Electric Love,BØRNS,Electropop,2016,950906471,8506,82,57,13725,57,30,4,1371,277,120,-8,Minor,80,61,26,52,218,1,5,76
Electricity (with Dua Lipa),Silk City,EDM,2018,1735441776,21811,20,106,8238,106,439,34,26531,368,118,-6,Minor,67,59,34,51,238,1,5,82
Empire State of Mind (Part II) Broken Down,Alicia Keys,Hip Hop,2010,1042568408,9151,72,193,11297,60,1944,130,29887,334,93,-8,Major,37,48,12,14,216,74,3,76
End Game,Taylor Swift,Pop,2018,532336353,4310,371,110,12301,110,500,46,5053,253,159,-6,Major,59,65,11,15,245,1,6,70
Everybody Talks,Neon Trees,Indie Pop,2013,806397070,7109,160,17,1583,17,9339,7,35991,77,155,-4,Major,92,47,31,73,177,0,6,74
Familiar,Liam Payne,Dance Pop,2018,614555082,5129,194,47,5890,47,584,1,24575,339,93,-5,Major,81,64,8,91,197,2,33,72
Fancy,Iggy Azalea,Australian Hip Hop,2014,560222750,4564,124,40,3029,86,2,2,38463,153,95,-4,Major,72,91,5,38,200,9,7,70
"Feel The Light - From The ""Home"" Soundtrack",Jennifer Lopez,Dance Pop,2015,271666301,2000,237,35,22088,10,19,20,34780,69,156,-6,Major,60,47,9,4,292,33,5,55
Feel This Moment (feat. Christina Aguilera),Pitbull,Dance Pop,2013,570515054,4627,378,3,4822,3,6,30,14815,345,136,-4,Minor,76,67,34,54,230,4,16,70
Ferrari,Bebe Rexha,Dance Pop,2018,284216603,2098,164,14,16009,14,90,13,2167,391,77,-6,Major,48,58,10,42,213,2,3,57
Filthy,Justin Timberlake,Dance Pop,2018,328207708,2551,242,51,23192,51,187,1,5426,183,97,-6,Minor,58,75,25,65,294,4,14,62
Final Song,MØ,Dance Pop,2016,629173063,5257,308,4,39879,14,63,42,28418,178,105,-6,Minor,67,70,8,25,236,1,3,72
Finally Found You,Enrique Iglesias,Dance Pop,2013,252871192,1890,305,87,28973,87,"1,056",1,14225,241,128,-5,Major,88,62,35,66,221,1,10,52
Find U Again (feat. Camila Cabello),Mark Ronson,Dance Pop,2019,824420218,7461,166,76,34089,76,335,22,23093,34,104,-7,Major,66,61,20,16,176,1,3,75
Finesse - Remix; feat. Cardi B,Bruno Mars,Pop,2018,1167330737,10829,77,7,21981,7,298,44,38421,269,105,-5,Major,86,70,2,93,217,2,10,78
Fireball (feat. John Ryan),Pitbull,Dance Pop,2015,436027885,3436,261,50,12373,52,8,38,8458,362,123,-5,Major,94,69,5,79,235,9,6,67
Firework,Katy Perry,Dance Pop,2011,200972675,1401,387,317,22685,57,8320,86,19137,29,124,-5,Minor,83,64,11,65,228,14,5,25
First Time,Kygo,EDM,2017,583687007,4708,438,82,15678,82,"3,425",4,17649,78,90,-7,Major,59,63,10,68,194,20,11,71
First Time,Kygo,EDM,2018,578207856,4640,255,87,13456,87,179,15,14705,235,90,-7,Major,59,63,10,68,194,20,11,71
Focus,Ariana Grande,Dance Pop,2015,404887295,3218,401,15,13965,79,44,26,2382,300,100,-6,Major,88,67,44,79,211,27,24,66
Foolish Games,Jewel,Alaska Indie,2013,212234990,1492,173,67,31890,67,195,38,17071,205,132,-11,Major,34,51,12,7,250,23,3,36
For You (With Rita Ora),Liam Payne,Dance Pop,2018,429829812,3406,242,107,36643,107,801,1,38068,298,113,-5,Minor,80,54,42,18,243,2,3,67
FourFiveSeconds,Rihanna,Barbadian Pop,2015,1457139296,17115,23,1,14359,1,6,12,24945,374,206,-6,Minor,27,58,13,35,188,88,5,80
Freak,Kelly Rowland,Atl Hip Hop,2013,202677468,1430,213,35,34974,61,2,16,18583,220,104,-5,Major,78,65,12,45,274,13,6,28
Free Me,Sia,Australian Dance,2017,226897599,1597,313,102,36449,102,93,47,23076,399,87,-4,Major,46,27,14,21,286,85,3,44
Friends (with BloodPop®),Justin Bieber,Canadian Pop,2018,1047480053,9243,100,45,7841,45,398,8,15805,55,105,-5,Major,73,74,30,62,189,0,4,77
G.U.Y.,Lady Gaga,Dance Pop,2014,380319238,2959,253,11,28703,11,3,17,34186,253,110,-3,Major,92,62,12,57,233,1,4,65
Genie In a Bottle,Christina Aguilera,Dance Pop,2015,656013912,5375,359,8,22897,8,5,21,14765,156,176,-7,Major,80,63,14,91,218,21,16,72
Get Low (with Liam Payne),Zedd,Complextro,2017,403097450,3107,279,4,25904,3,806,39,1874,117,108,-4,Major,93,72,5,54,205,3,5,66
Get Lucky (feat. Pharrell Williams & Nile Rodgers) - Radio Edit,Daft Punk,Electro,2013,1127468248,10195,76,92,34753,92,93,1,28542,252,116,-9,Major,81,79,10,86,248,4,4,77
Ghosttown,Madonna,Dance Pop,2015,263894529,1959,428,53,17675,54,7,43,17382,29,79,-7,Minor,55,54,12,9,250,4,4,54
Giant (with Rag'n'Bone Man),Calvin Harris,Dance Pop,2019,1887039593,25065,14,105,33544,105,"2,453",45,13590,186,122,-4,Major,89,81,8,61,229,2,4,84
Girl On Fire (feat. Nicki Minaj) - Inferno Version,Alicia Keys,Hip Hop,2013,301869854,2313,113,4,16671,4,4,24,37148,205,93,-6,Major,81,55,15,34,271,9,31,59
"Girls (feat. Cardi B, Bebe Rexha & Charli XCX)",Rita Ora,Dance Pop,2018,354495408,2780,432,7,18312,7,55,28,28774,210,94,-4,Major,69,73,10,42,221,2,5,64
Girls Like You (feat. Cardi B),Maroon 5,Pop,2019,1591223784,18515,44,123,15386,123,569,3,33238,330,125,-7,Major,54,85,13,45,236,57,5,81
Give It 2 U,Robin Thicke,Dance Pop,2013,223064273,1550,172,2,27529,2,6,36,14903,222,127,-4,Major,83,67,16,58,230,10,7,41
Give Me Everything,Pitbull,Dance Pop,2011,1374581173,15010,30,55,39461,82,5935,104,16897,272,129,-3,Minor,94,67,30,53,252,19,16,79
Glad You Came,The Wanted,Boy Band,2012,682475162,5866,364,338,31689,82,5154,92,16460,230,127,-4,Major,85,72,11,45,198,3,6,72
Good as Hell (feat. Ariana Grande) - Remix,Lizzo,Pop,2019,2565529693,41231,2,145,12556,145,447,38,39811,52,96,-3,Major,89,67,74,48,159,30,6,90
Good Life,OneRepublic,Dance Pop,2011,684675814,5871,210,395,19585,78,450,74,7281,355,95,-8,Major,69,63,13,65,253,8,5,72
Good Time,Owl City,Pop,2012,726434358,6457,444,106,16712,51,7153,134,38329,72,126,-4,Minor,87,56,37,68,206,2,14,73
Gorilla,Bruno Mars,Pop,2014,467727006,3682,295,9,2008,9,24,1,20669,361,140,-7,Major,54,72,10,64,244,45,4,68
Greenlight (feat. Flo Rida & LunchMoney Lewis),Pitbull,Dance Pop,2017,261414174,1945,106,3,15630,3,70,24,31604,7,115,-6,Major,83,70,36,63,245,28,27,54
Grenade,Bruno Mars,Pop,2011,887906111,7963,68,449,33212,86,6369,184,6629,176,110,-7,Minor,56,71,12,23,223,15,6,75
Hall of Fame,The Script,Celtic Rock,2013,1479115056,17354,38,73,6519,73,64,47,20636,232,85,-4,Minor,87,42,12,63,203,7,6,80
Hands To Myself,Selena Gomez,Dance Pop,2016,595900742,4827,403,6,12542,6,13,4,25162,270,111,-7,Minor,50,81,34,47,201,1,12,71
Happier,Marshmello,Soul,2019,2594040133,42798,2,50,21464,50,"1,785",1,30322,221,100,-3,Major,79,69,17,67,214,19,5,90
"Happy - From ""Despicable Me 2""",Pharrell Williams,Dance Pop,2014,1356565093,14417,50,39,4995,39,30,30,15988,290,160,-5,Minor,82,65,9,96,233,22,18,79
Hard,Rihanna,Barbadian Pop,2010,288101651,2175,437,13,18489,98,9442,127,3313,384,182,-4,Minor,75,31,65,16,251,1,11,57
Havana (feat. Young Thug),Camila Cabello,Dance Pop,2018,2197010679,30992,4,57,23390,57,"1,370",2,25788,176,105,-4,Minor,52,77,13,39,217,18,3,85
Heart Attack,Demi Lovato,Dance Pop,2013,972509632,8612,90,32,7665,85,18,16,38670,392,174,-5,Minor,79,50,24,50,211,7,10,76
Heartbeat Song,Kelly Clarkson,Dance Pop,2015,502574952,4091,416,13,17661,13,37,1,7044,400,149,-4,Minor,80,49,6,48,199,1,5,69
Heartbreaker,Justin Bieber,Canadian Pop,2013,322336177,2499,322,2,263,2,13,14,17718,145,105,-7,Minor,52,56,34,58,263,14,10,61
Hello,Adele,British Soul,2015,3916591492,62170,6,4,62025,1,"12,692",3,74320,6,158,-6,Major,45,48,9,29,295,34,3,73
Here,Alessia Cara,Canadian Contemporary R&B,2015,462791599,3618,137,28,24877,15,12,46,11568,2,120,-4,Major,82,38,8,33,199,8,10,68
Here,Alessia Cara,Canadian Contemporary R&B,2016,461558540,3618,274,71,7851,71,14,9,8308,243,120,-4,Minor,82,38,8,33,199,8,10,68
Heroes (we could be),Alesso,Big Room,2015,273194684,2019,135,45,29799,90,5,49,15480,342,126,-4,Major,75,52,24,35,210,4,6,56
Hey Brother,Avicii,Big Room,2014,1230855859,12482,100,53,12166,95,15,20,10083,260,125,-5,Major,78,55,8,46,255,3,4,78
"Hey Mama (feat. Nicki Minaj, Bebe Rexha & Afrojack)",David Guetta,Dance Pop,2015,657723613,5398,150,11,13376,11,22,1,7111,121,86,-4,Major,73,60,33,53,193,24,15,72
"Hey, Soul Sister",Train,Neo Mellow,2010,1858144199,24529,15,210,8845,59,1593,107,9751,139,97,-4,Major,89,67,8,80,217,19,4,83
Higher,Carly Rae Jepsen,Canadian Pop,2016,233671263,1635,232,51,11188,76,3,25,2278,357,114,-5,Major,87,65,37,44,234,1,6,46
Higher Love,Kygo,EDM,2019,2557975762,36843,2,11,5620,64,862,46,11811,149,104,-7,Minor,68,69,10,40,228,2,3,88
Him & I (with Halsey),G-Eazy,Hip Hop,2018,1159176109,10585,94,12,15763,12,575,18,17337,52,88,-6,Minor,73,59,31,19,269,5,9,78
Hold It Against Me,Britney Spears,Dance Pop,2011,303236322,2335,159,454,33350,68,188,183,19092,192,133,-5,Minor,72,65,24,39,229,1,4,59
"Hold On, We're Going Home",Drake,Canadian Hip Hop,2013,726307468,6398,126,1,19017,1,7,34,8421,104,100,-7,Minor,41,77,7,29,228,0,10,73
How Deep Is Your Love,Calvin Harris,Dance Pop,2015,1065580332,9539,70,48,3666,72,14,8,7095,24,122,-4,Major,87,74,39,34,213,4,7,77
How Do You Sleep?,Sam Smith,Pop,2019,2808096550,44927,1,136,7204,136,"6,508",1,34808,244,111,-5,Major,68,48,8,35,202,15,9,93
"How Far I'll Go - From ""Moana""",Alessia Cara,Canadian Contemporary R&B,2017,582863434,4657,403,89,24508,89,44,24,27579,268,181,-10,Major,54,31,7,16,176,16,35,71
How Ya Doin'? (feat. Missy Elliott),Little Mix,Dance Pop,2013,244790012,1776,339,14,1307,100,7,31,28498,63,201,-3,Major,95,36,37,51,211,9,48,50
human,Christina Perri,Dance Pop,2014,466231982,3681,326,59,39054,9,22,24,14735,196,144,-6,Minor,49,44,11,25,251,13,4,68
Hurts,Emeli Sandé,Dance Pop,2016,284819874,2114,205,11,22611,11,44,21,36362,349,106,-8,Minor,64,58,15,18,238,2,3,57
I Dont Wanna Live Forever (Fifty Shades Darker),ZAYN,Dance Pop,2017,1180094974,11215,64,45,17990,45,250,41,9708,91,118,-8,Minor,45,74,33,9,245,6,6,78
I Don't Care (with Justin Bieber),Ed Sheeran,Pop,2019,2135158446,29536,4,167,21363,167,"3,595",6,39887,85,102,-5,Major,68,80,9,84,220,9,4,85
I Feel It Coming,The Weeknd,Canadian Contemporary R&B,2017,1605224506,18986,50,2,38199,4,113,1,2631,282,93,-6,Minor,82,77,7,59,269,43,12,81
I Got You,Bebe Rexha,Dance Pop,2016,356709897,2790,209,122,34115,122,394,40,1650,114,98,-5,Major,89,61,9,32,192,5,5,64
I Knew You Were Trouble.,Taylor Swift,Pop,2012,1131090940,10211,84,231,23871,94,595,101,19812,149,77,-7,Major,47,62,3,68,220,0,4,77
I Know What You Did Last Summer,Shawn Mendes,Canadian Pop,2016,286400165,2128,165,1,38400,1,28,38,32181,90,114,-5,Major,77,68,16,72,224,11,10,57
I Like It,Cardi B,Pop,2018,2159346687,30427,4,49,21332,52,549,34,15241,220,136,-4,Minor,73,82,37,65,253,10,13,85
I Like It,Enrique Iglesias,Dance Pop,2010,350381515,2729,435,74,11946,92,5996,147,34466,240,129,-3,Major,94,65,6,73,231,2,9,63
I Lived,OneRepublic,Dance Pop,2015,436695353,3444,379,5,27112,5,2,14,19801,3,120,-5,Major,85,59,27,34,235,7,4,67
I Love It (feat. Charli XCX),Icona Pop,Candy Pop,2013,448500832,3506,226,40,2312,40,12,34,7601,41,126,-3,Major,91,71,15,82,157,1,3,67
I Luh Ya Papi,Jennifer Lopez,Dance Pop,2014,202452860,1420,287,81,18278,81,23,45,1541,360,96,-6,Major,73,74,12,59,207,45,42,28
I Really Like You,Carly Rae Jepsen,Canadian Pop,2015,411747614,3246,316,63,36020,63,8,1,2962,115,122,-5,Minor,81,62,22,60,205,1,4,66
I Took A Pill In Ibiza - Seeb Remix,Mike Posner,Dance Pop,2016,1214083358,12043,73,4,29430,4,248,1,38699,322,102,-7,Major,71,66,8,69,198,4,11,78
I Wanna Go,Britney Spears,Dance Pop,2011,366214458,2868,376,109,26722,59,2052,170,39758,115,130,-7,Major,55,70,33,79,210,0,4,64
I Want You To Know,Zedd,Complextro,2015,466214729,3659,243,47,13913,50,3,33,17338,215,130,-3,Minor,85,58,14,37,240,1,6,68
IDGAF,Dua Lipa,Dance Pop,2018,1929770265,25744,12,79,20770,79,65,26,14345,29,97,-6,Major,54,84,8,51,218,4,9,84
If I Had You,Adam Lambert,Australian Pop,2010,304118600,2346,364,252,28135,59,9918,102,3820,11,131,-4,Major,91,65,37,79,228,1,11,59
If I Lose Myself - Alesso vs OneRepublic,OneRepublic,Dance Pop,2013,506778838,4096,400,137,12349,137,"2,445",1,37773,377,126,-6,Major,75,52,14,16,215,26,4,69
I'll Show You,Justin Bieber,Canadian Pop,2015,463564958,3643,212,18,4381,18,14,34,23914,80,192,-7,Minor,61,36,18,8,200,5,10,68
I'm Into You,Jennifer Lopez,Dance Pop,2011,303216294,2332,361,250,13246,67,8548,171,33940,160,84,-4,Major,75,59,8,70,200,2,14,59
I'm Not The Only One,Sam Smith,Pop,2015,2123309722,29215,5,45,22496,45,36,16,5179,62,82,-6,Major,49,68,8,49,239,53,4,84
"I'm the One (feat. Justin Bieber, Quavo, Chance the Rapper & Lil Wayne)",DJ Khaled,Dance Pop,2017,1061966512,9408,67,2,14184,2,73,13,21081,315,81,-4,Major,67,61,17,81,289,6,4,77
Imma Be,The Black Eyed Peas,Dance Pop,2010,335222234,2598,360,123,33884,84,1962,88,10728,338,92,-7,Major,52,60,31,41,258,18,37,62
Impossible,James Arthur,Pop,2013,1116995633,10114,79,54,22898,54,4076,44,31168,311,170,-5,Major,70,38,11,30,209,14,9,77
In My Blood,Shawn Mendes,Canadian Pop,2018,1813673666,23389,19,61,38046,61,259,14,38937,98,140,-7,Minor,71,62,13,49,211,6,7,83
In the Name of Love,Martin Garrix,Big Room,2016,1606986953,19067,46,5,30993,5,12,18,13229,133,134,-6,Major,52,50,45,17,196,11,4,81
Influence,Tove Lo,Dance Pop,2017,261286503,1936,175,25,16202,25,61,7,7209,73,105,-10,Minor,59,77,11,33,225,10,5,54
International Love,Pitbull,Dance Pop,2012,677389855,5728,266,134,14791,85,763,78,39552,49,120,-3,Major,86,67,34,65,227,1,5,72
Into You,Ariana Grande,Dance Pop,2016,1456081449,17050,32,66,9424,66,"1,145",2,20893,273,108,-6,Major,73,62,14,37,244,2,11,80
Invading My Mind,Jennifer Lopez,Dance Pop,2011,207033255,1456,366,252,7503,50,8243,74,5126,2,129,-4,Minor,88,73,32,69,201,2,7,31
Invitation,Britney Spears,Dance Pop,2016,227918678,1601,143,116,941,116,355,7,36246,157,112,-7,Minor,65,37,9,16,200,3,11,44
It Ain't Me (with Selena Gomez),Kygo,EDM,2017,1284942608,13387,60,122,38578,122,"1,282",24,36788,210,100,-7,Minor,53,64,9,52,221,12,7,79
It Will Rain,Bruno Mars,Pop,2012,217672943,1507,129,37,36267,100,7964,126,13464,68,150,-7,Major,84,58,8,48,258,34,5,96
It's On Again - Main Soundtrack,Alicia Keys,Hip Hop,2014,203680270,1446,247,96,28827,96,"1,078",2,29552,325,110,-9,Minor,54,64,25,53,230,10,11,92
Jar of Hearts,Christina Perri,Dance Pop,2011,244891912,1783,232,341,25333,94,3586,134,24998,120,75,-6,Minor,35,35,12,9,247,73,3,85
Jealous - Remix,Nick Jonas,Dance Pop,2015,556585270,4531,307,121,10277,121,"2,969",10,30520,165,93,-4,Minor,71,68,44,45,222,1,8,81
Judas,Lady Gaga,Dance Pop,2011,349585590,2699,287,342,6489,84,6698,109,30892,258,131,-4,Major,93,66,27,53,249,0,7,66
Just Cant Get Enough,The Black Eyed Peas,Dance Pop,2011,609293408,4999,109,105,8211,95,5671,185,24166,4,94,-9,Minor,63,66,11,26,219,19,18,83
Just Give Me a Reason (feat. Nate Ruess),P!nk,Dance Pop,2013,1661187319,20763,21,29,780,29,14,22,34429,271,95,-7,Major,55,78,13,44,243,35,5,84
"Just Like Fire (From the Original Motion Picture ""Alice Through The Looking Glass"")",P!nk,Dance Pop,2016,593917618,4779,225,5,23975,5,43,17,14774,331,163,-6,Major,70,63,11,50,215,1,15,77
Just the Way You Are,Bruno Mars,Pop,2010,1271293243,13101,51,21,28559,98,7212,79,24863,166,109,-5,Minor,84,64,9,43,221,2,4,90
Just the Way You Are,Bruno Mars,Pop,2011,1267333350,13091,56,102,39229,85,2416,116,9105,115,109,-5,Major,84,64,9,43,221,2,4,85
Keeping Your Head Up,Birdy,Neo Mellow,2016,246376690,1801,298,57,38843,5,3,17,20555,375,122,-5,Major,78,60,19,53,208,16,5,52
Kill Em With Kindness,Selena Gomez,Dance Pop,2016,546191065,4440,423,1,35993,1,19,27,34018,257,120,-5,Minor,88,76,10,40,218,1,4,70
Kills You Slowly,The Chainsmokers,Electropop,2019,426204830,3301,133,47,17158,47,690,20,21665,122,150,-9,Major,44,70,13,23,213,6,6,67
Kiss You,One Direction,Boy Band,2013,723894473,6339,147,11,34312,11,13,4,1689,152,90,-3,Major,93,63,32,91,183,2,6,73
Kissing Strangers,DNCE,Dance Pop,2017,401036314,3107,225,33,9039,65,203,5,8054,342,120,-6,Major,74,77,9,86,202,5,4,66
Kissing Strangers,DNCE,Dance Pop,2018,397582059,3090,410,17,29431,17,76,9,2365,69,120,-6,Minor,74,77,9,86,202,5,4,66
Kissing Strangers - Remix,DNCE,Dance Pop,2017,223633238,1561,379,105,26678,105,25,47,1682,361,120,-6,Minor,77,76,8,81,202,8,5,43
L.A.LOVE (la la),Fergie,Dance Pop,2015,700,1338,346,1,38580,1,26,7,28945,148,202,-8,Major,39,48,26,27,193,2,9,0
La La La (Brasil 2014) (feat. Carlinhos Brown),Shakira,Colombian Pop,2014,244585109,1747,143,1,14507,1,50,32,33669,314,128,-5,Major,82,80,35,61,198,18,4,50
Last Friday Night (T.G.I.F.),Katy Perry,Dance Pop,2011,201660859,1420,101,110,32915,83,6310,200,5111,215,126,-4,Major,81,65,67,72,231,0,4,27
Latch,Disclosure,House,2014,673801126,5491,272,8,39256,8,6,5,4646,31,122,-5,Major,73,50,9,52,256,2,17,72
Lay It All on Me,Rudimental,Dance Pop,2015,331511413,2577,326,9,1452,9,15,43,13849,345,123,-7,Major,75,67,19,48,242,14,4,62
Legendary Lovers,Katy Perry,Dance Pop,2015,222612678,1545,229,6,14396,6,11,9,16420,155,126,-5,Minor,84,62,8,39,224,2,8,41
Lemon,N.E.R.D,Hip Hop,2018,459276435,3541,434,11,23311,11,274,27,36550,5,95,-7,Minor,73,92,12,20,220,0,9,68
Let Her Go,Passenger,Folk-Pop,2014,1113838873,9833,90,20,21510,20,8,41,5920,243,75,-7,Major,54,51,10,24,253,39,6,77
"Let It Go - From ""Frozen / Single Version",Demi Lovato,Dance Pop,2014,344055883,2651,196,110,32415,110,26,11,31313,154,140,-6,Major,66,50,27,25,226,3,4,63
Let Me,ZAYN,Dance Pop,2018,611994237,5120,418,18,8661,18,75,29,5228,68,168,-6,Major,57,46,10,19,185,24,5,72
Let Me Be Your Lover,Enrique Iglesias,Dance Pop,2015,209768491,1473,331,45,26876,45,3728,34,5425,305,112,-4,Minor,90,72,6,88,238,1,13,34
"Let Me Go (with Alesso, Florida Georgia Line & watt)",Hailee Steinfeld,Dance Pop,2018,1699402402,21335,21,49,29198,49,272,21,29949,364,103,-4,Major,71,66,8,74,175,3,5,82
Let Me Love You,DJ Snake,Electronic Trap,2017,1755214421,21915,20,74,35846,74,119,1,15554,120,100,-5,Minor,72,65,14,16,206,9,3,82
Let Me Love You (Until You Learn To Love Yourself),Ne-Yo,Dance Pop,2013,563902868,4572,181,56,38750,56,13,43,28793,146,125,-7,Minor,68,66,37,25,252,25,4,70
Light It Up (feat. Nyla & Fuse ODG) [Remix],Major Lazer,Dance Pop,2016,704171068,6111,146,5,6223,88,44,33,15113,187,108,-4,Minor,88,75,23,75,166,4,7,73
Lights - Single Version,Ellie Goulding,Dance Pop,2012,389771964,3006,413,395,29613,93,8338,57,33758,337,120,-6,Minor,80,68,13,78,211,3,4,65
Like A G6,Far East Movement,Dance Pop,2010,694525298,6060,328,454,1696,88,4956,97,21071,213,125,-8,Minor,84,44,12,78,217,1,45,72
LIKE I WOULD,ZAYN,Dance Pop,2016,368646862,2939,257,67,15816,90,28,29,25742,318,113,-6,Minor,83,56,26,23,192,2,11,65
Like I'm Gonna Lose You (feat. John Legend),Meghan Trainor,Dance Pop,2016,1297026226,13454,59,18,25627,41,49,16,16263,241,108,-7,Major,53,63,18,42,225,40,4,79
Lips Are Movin,Meghan Trainor,Dance Pop,2015,465959382,3645,365,19,1619,15,15,9,18172,111,139,-5,Minor,83,78,11,95,183,5,5,68
Little Lies,Hilary Duff,Dance Pop,2016,211050784,1479,257,2,18742,2,31,10,23429,247,124,-6,Major,76,57,4,40,204,0,6,36
Live It Up,Jennifer Lopez,Dance Pop,2013,286739476,2129,400,14,17455,14,7,7,15048,89,128,-5,Major,73,69,33,65,244,1,17,57
Living For Love,Madonna,Dance Pop,2015,247737946,1845,411,9,12593,9,1,13,10908,169,123,-5,Major,79,67,25,39,219,4,9,52
Loca,Shakira,Colombian Pop,2010,283332261,2094,150,32,8310,77,3679,120,29341,4,112,-4,Major,87,80,9,85,193,19,7,56
Locked Out of Heaven,Bruno Mars,Pop,2012,1367810478,14994,40,119,35040,94,6562,173,25744,75,144,-4,Minor,70,73,31,87,233,5,4,96
Look What You Made Me Do,Taylor Swift,Pop,2018,838079900,7545,230,116,9757,116,266,21,17834,132,128,-6,Major,71,77,13,51,212,20,12,92
Lose You To Love Me,Selena Gomez,Dance Pop,2019,3562543890,51979,1,1,26984,1,"8,215",2,18606,35,102,-9,Major,34,51,21,9,206,58,4,85
Lose Yourself to Dance,Daft Punk,Electro,2013,674072710,5542,357,199,35563,199,"3,421",20,24104,362,100,-8,Minor,66,83,8,67,354,8,6,81
Love,Lana Del Rey,Art Pop,2017,618990393,5148,403,11,35168,11,40,48,18656,313,99,-11,Major,37,53,11,23,273,49,3,66
Love Incredible (feat. Camila Cabello),Cashmere Cat,Downtempo,2017,298063749,2291,122,20,181,24,356,3,13982,248,167,-9,Minor,50,37,20,21,180,6,12,83
Love Me Again,John Newman,Pop,2014,721975598,6308,170,70,14594,70,"1,089",2,6443,211,126,-5,Minor,89,50,10,21,240,0,4,84
Love Me Harder,Ariana Grande,Dance Pop,2015,972164968,8576,63,3,32760,3,15,28,1961,268,99,-4,Minor,71,47,8,24,236,1,3,77
Love Me Like You,Little Mix,Dance Pop,2015,374191487,2948,285,1,18822,1,31,1,36270,245,106,-4,Major,67,79,28,85,198,21,4,90
"Love Me Like You Do - From ""Fifty Shades Of Grey""",Ellie Goulding,Dance Pop,2015,1329090101,14169,58,22,28627,22,12,7,35613,164,190,-7,Major,61,26,13,28,253,25,5,85
Love Never Felt So Good,Michael Jackson,Pop,2014,601863821,4890,447,75,16015,75,9,7,11257,399,118,-6,Minor,72,78,7,71,246,13,4,71
Love On The Brain,Rihanna,Barbadian Pop,2018,1714490998,21574,21,5,2397,5,577,45,22909,170,172,-5,Major,64,51,8,38,224,7,5,82
Love On Top,Beyoncé,Dance Pop,2011,1007612429,9021,89,308,11235,72,2236,172,14245,296,94,-5,Minor,75,65,60,65,267,8,9,76
Love Runs Out,OneRepublic,Dance Pop,2014,415932686,3270,322,1,33106,1,3,24,37734,301,120,-4,Minor,93,72,8,74,225,17,6,66
Love Somebody,Maroon 5,Pop,2013,387570742,3006,308,4,35727,4,23,15,24534,399,120,-6,Major,78,68,12,40,230,13,4,96
Love The Way You Lie,Eminem,Detroit Hip Hop,2010,1763363713,22439,20,152,16735,53,9245,178,30159,331,87,-5,Major,93,75,52,64,263,24,23,92
Love You Like A Love Song,Selena Gomez & The Scene,Dance Pop,2012,991336132,8870,99,289,18874,88,2551,187,12697,165,117,-4,Major,68,86,7,92,188,8,5,85
Love Yourself,Justin Bieber,Canadian Pop,2015,1840364617,24094,16,20,30135,20,8000,21,14000,229,100,-10,Major,38,61,28,52,234,84,44,81
Love Yourself,Justin Bieber,Canadian Pop,2016,1829992958,23804,17,2,24763,34,"2,946",43,39947,355,100,-10,Major,38,61,28,52,234,84,44,66
Lust for Life (with The Weeknd),Lana Del Rey,Art Pop,2017,263280370,1948,196,27,9121,27,587,17,11600,144,100,-9,Minor,67,51,36,27,264,58,6,83
Made In The USA,Demi Lovato,Dance Pop,2013,309483971,2418,396,10,25960,10,3,8,9937,23,87,-4,Major,86,58,32,59,196,0,4,84
Make Me Like You,Gwen Stefani,Dance Pop,2016,240918092,1729,262,8,25926,8,17,35,29812,327,118,-5,Major,71,74,13,80,217,4,5,77
Make Me... (feat. G-Eazy),Britney Spears,Dance Pop,2016,261116938,1933,169,1,4664,1,44,1,2907,386,123,-7,Major,70,70,22,58,231,16,10,90
Malibu,Miley Cyrus,Dance Pop,2017,1202722675,11940,87,21,27450,21,99,49,2959,270,140,-6,Minor,78,57,8,34,232,8,6,85
Mama,Jonas Blue,Dance Pop,2017,841749534,7613,331,2,19037,2,150,5,9229,109,104,-4,Minor,79,74,5,57,184,10,4,75
Maps,Maroon 5,Pop,2014,1230675890,12403,66,26,1149,26,15,40,38661,328,120,-6,Major,71,74,6,88,190,2,3,94
Mark My Words,Justin Bieber,Canadian Pop,2015,343197054,2649,332,24,11137,19,19,12,16162,254,114,-9,Major,26,38,17,52,134,88,3,63
Marry The Night,Lady Gaga,Dance Pop,2011,323455692,2528,235,144,26877,51,6446,66,2292,315,131,-4,Minor,88,61,46,38,265,0,6,61
Marry You,Bruno Mars,Pop,2010,777765388,6734,348,124,21482,88,5643,191,21403,344,145,-5,Major,83,62,10,48,230,33,4,94
Marry You,Bruno Mars,Pop,2011,751134527,6587,138,321,6328,54,8273,162,25786,5,145,-5,Major,83,62,10,48,230,33,4,94
Me Too,Meghan Trainor,Dance Pop,2016,705469769,6127,236,2,6839,2,50,31,13930,260,124,-6,Major,69,93,48,84,181,10,10,73
"Me, Myself & I",G-Eazy,Hip Hop,2016,1217120710,12211,83,2,34850,2,26,47,23092,34,112,-7,Minor,67,76,16,38,251,2,10,78
Meet Me Halfway,The Black Eyed Peas,Dance Pop,2010,482175240,3859,172,123,22918,100,3804,121,23312,47,130,-7,Minor,63,80,32,40,284,0,7,68
Memories,Maroon 5,Pop,2019,2838096550,52898,1,24,38075,24,200,7,24846,107,91,-7,Minor,32,76,8,57,189,84,5,94
Mercy,Shawn Mendes,Canadian Pop,2017,1593270737,18778,26,7,1652,7,199,29,39764,262,148,-5,Major,66,56,11,36,209,13,8,81
Messin' Around,Pitbull,Dance Pop,2017,244928911,1788,196,22,2597,36,70,15,7759,286,158,-5,Minor,81,57,4,78,223,2,5,51
Mi Gente (feat. Beyoncé),J Balvin,Latin,2018,460492795,3559,381,19,3383,19,73,12,1857,125,105,-6,Minor,72,76,23,47,210,2,8,68
Million Reasons,Lady Gaga,Dance Pop,2016,1449779435,16596,45,67,16113,67,66,15,10025,228,130,-8,Major,42,67,11,15,205,49,4,80
Million Years Ago,Adele,British Soul,2016,200660871,32181,3,47,28291,47,36,4,3237,22,98,-10,Major,81,0,8,46,227,45,42,86
Mirrors - Radio Edit,Justin Timberlake,Dance Pop,2013,311395144,2420,435,207,16914,207,125,12,29899,178,77,-6,Minor,60,58,43,65,277,14,5,60
Misery,Maroon 5,Pop,2010,395591396,3069,262,137,30544,57,5572,143,8134,78,103,-5,Major,81,70,22,73,216,0,4,85
Miss You (with Major Lazer & Tory Lanez),Cashmere Cat,Downtempo,2018,351636786,2742,311,89,25465,89,61,4,4313,58,100,-5,Minor,64,75,11,45,186,25,9,64
Mmm Yeah (feat. Pitbull),Austin Mahone,Dance Pop,2014,383835984,2999,222,8,36488,8,8,2,18748,377,126,-4,Minor,92,71,27,98,232,0,4,65
Moment 4 Life - Album Version (Edited),Nicki Minaj,Dance Pop,2011,203221468,1443,303,99,34851,93,4130,51,17698,343,130,-4,Minor,88,50,22,37,279,39,38,28
Monster,Kanye West,Chicago Rap,2011,756907987,6596,282,408,992,56,6971,98,31908,322,125,-6,Minor,69,63,67,10,379,0,20,73
Move,Little Mix,Dance Pop,2013,345031710,2668,250,44,27106,44,"6,551",2,4441,155,121,-5,Major,74,85,55,77,224,0,9,63
MOVE TO MIAMI,Enrique Iglesias,Dance Pop,2018,354065229,2775,169,36,38120,36,150,16,37377,25,100,-4,Major,87,76,7,90,169,3,5,64
Moves Like Jagger - Studio Recording From The Voice Performance,Maroon 5,Pop,2011,1022258230,9037,91,438,12284,67,8045,56,1067,239,128,-4,Minor,76,72,32,62,201,1,5,85
Mr. Put It Down,Ricky Martin,Dance Pop,2015,223319934,1553,217,4,30822,4,48,7,12174,325,128,-6,Major,78,80,4,83,196,1,18,42
Muny - Album Version (Edited),Nicki Minaj,Dance Pop,2011,1365184,1370,188,29,33633,71,8702,172,29133,46,98,-5,Major,72,80,19,53,227,56,33,7
My First Kiss - feat. Ke$ha,3OH!3,Dance Pop,2010,338564981,2610,130,196,23834,57,8738,73,6514,377,138,-4,Major,89,68,36,83,192,1,8,62
My House,Flo Rida,Dance Pop,2015,1093605526,9724,100,2,39867,2,30,36,1161,362,94,-5,Major,70,69,13,74,192,2,5,77
My My My!,Troye Sivan,Dance Pop,2018,920045682,8207,97,18,15721,18,478,23,34482,296,103,-8,Minor,46,70,5,48,205,0,8,76
My Way,Calvin Harris,Dance Pop,2017,1168642797,11087,76,26,1232,26,277,3,19591,311,120,-3,Major,91,82,16,54,219,9,4,78
Naturally,Selena Gomez & The Scene,Dance Pop,2010,366599607,2876,290,70,39001,64,8545,113,10391,157,133,-5,Major,90,61,5,88,203,2,5,64
Needed Me,Rihanna,Barbadian Pop,2016,1445941661,16413,33,17,7856,17,208,14,8293,43,111,-8,Major,31,67,8,30,192,11,24,80
Nervous,Shawn Mendes,Canadian Pop,2018,579395142,4651,256,16,26040,16,65,3,16593,220,122,-7,Major,62,84,13,74,164,4,8,71
Never Be the Same - Radio Edit,Camila Cabello,Dance Pop,2018,284249832,2107,254,53,39594,53,134,1,39265,389,130,-4,Major,69,63,12,25,227,16,9,57
Never Forget You,Zara Larsson,Dance Pop,2015,1062956628,9514,63,13,17786,27,24,45,21541,11,146,-6,Minor,73,58,27,28,213,0,5,77
New Rules,Dua Lipa,Dance Pop,2018,1970673297,27119,9,19,14135,19,738,38,29331,205,116,-6,Minor,70,76,15,61,209,0,7,84
Next To Me,Emeli Sandé,Dance Pop,2013,309653982,2420,327,67,25260,70,4,23,36604,260,95,-5,Minor,80,67,11,35,197,9,4,60
Night Changes,One Direction,Boy Band,2015,1085685420,9577,62,54,7455,65,2,41,25026,182,120,-8,Major,52,67,12,37,227,86,4,77
NO,Meghan Trainor,Dance Pop,2016,551305895,4449,244,27,19483,33,38,5,6591,311,92,-4,Minor,80,56,74,65,214,1,22,70
"No Brainer (feat. Justin Bieber, Chance the Rapper & Quavo)",DJ Khaled,Dance Pop,2019,530511203,4284,233,38,19665,38,"1,891",1,30376,11,136,-5,Major,76,53,9,65,260,7,34,70
No Guidance (feat. Drake),Chris Brown,Dance Pop,2019,1555511105,17852,25,21,17499,21,121,42,11127,200,93,-7,Minor,45,70,16,14,261,12,15,81
no tears left to cry,Ariana Grande,Dance Pop,2018,1947371785,26694,11,80,38191,80,250,3,38477,344,122,-6,Major,71,70,29,35,206,4,6,84
No Vacancy (with Sebastián Yatra),OneRepublic,Dance Pop,2017,284785823,2110,107,86,6758,86,138,11,8669,295,100,-4,Minor,76,69,14,59,223,8,4,57
Not a Bad Thing,Justin Timberlake,Dance Pop,2014,1562,1351,176,1,34396,1,13,50,10825,239,86,-6,Major,73,59,38,46,266,27,6,0
Not About Angels,Birdy,Neo Mellow,2014,276259178,2026,354,2,23654,2,2,42,21755,73,116,-10,Major,14,41,9,23,190,97,4,56
Not Myself Tonight,Christina Aguilera,Dance Pop,2010,273005485,2012,148,3,18053,50,9006,183,3530,7,120,-5,Minor,81,76,56,54,186,0,4,55
Nothing Breaks Like a Heart (feat. Miley Cyrus),Mark Ronson,Dance Pop,2019,482257456,3879,269,27,22137,27,636,50,15872,287,114,-6,Major,79,60,42,24,217,1,7,69
OK - Spotify Version,Robin Schulz,Dance Pop,2017,485285717,3909,138,95,10620,95,31,19,15002,126,122,-6,Minor,81,65,13,58,189,12,6,69
OMG (feat. will.i.am),Usher,Atl Hip Hop,2010,690104769,6036,268,284,30358,59,789,139,29428,65,130,-6,Minor,75,78,36,33,269,20,3,72
On My Mind,Ellie Goulding,Dance Pop,2015,374706940,2953,165,1,5276,1,34,15,8661,49,155,-7,Major,71,70,9,74,213,26,5,65
On The Floor,Jennifer Lopez,Dance Pop,2011,520034544,4214,219,435,30335,55,4364,171,18323,53,130,-5,Major,78,73,7,57,285,11,5,69
One Call Away (feat. Tyga) - Remix,Charlie Puth,Dance Pop,2016,222410722,1545,282,15,11754,97,2,15,7715,84,91,-5,Major,69,75,13,52,192,26,4,41
One Kiss (with Dua Lipa),Calvin Harris,Dance Pop,2018,2322580122,33783,2,63,6664,63,465,44,17446,29,124,-3,Minor,86,79,8,59,215,4,11,86
One More Night,Maroon 5,Pop,2012,726837877,6512,104,112,33301,65,3691,134,32094,36,93,-3,Minor,82,72,8,62,220,6,3,85
Only Girl (In The World),Rihanna,Barbadian Pop,2010,783706581,6809,134,330,1402,74,3133,71,14152,293,126,-4,Minor,72,79,7,61,235,13,4,73
Only Human,Jonas Brothers,Boy Band,2019,2484812918,35684,2,62,1952,4,262,14,25363,39,94,-6,Major,50,80,6,87,183,11,7,87
Only Love Can Hurt Like This,Paloma Faith,British Soul,2015,505671438,4094,411,38,18485,38,13,14,24868,332,91,-5,Minor,89,57,33,31,233,10,8,69
"Ooh La La (from ""The Smurfs 2"")",Britney Spears,Dance Pop,2013,232896922,1634,408,122,33445,122,"3,394",19,19493,240,128,-5,Minor,57,69,11,73,257,2,5,45
Out Of The Woods,Taylor Swift,Pop,2016,404562836,3185,206,37,28182,37,"1,509",22,30749,28,92,-7,Minor,84,55,34,34,236,0,4,85
Outta Nowhere (feat. Danny Mercer),Pitbull,Dance Pop,2013,210038833,1474,128,1,18724,1,12,4,22170,175,95,-4,Minor,84,71,21,66,207,16,3,35
Overdose,Ciara,Dance Pop,2013,225093344,1584,444,98,10007,98,582,2,5767,134,107,-6,Major,70,77,6,79,227,1,3,43
Papi,Jennifer Lopez,Dance Pop,2011,295307001,2259,374,127,11384,82,6249,142,8589,267,120,-5,Major,81,71,37,89,223,13,6,58
Paradise,Coldplay,Permanent Wave,2012,1361425037,14749,40,136,27923,97,2163,82,30206,280,140,-7,Minor,59,45,8,20,279,5,3,79
Paris,The Chainsmokers,Electropop,2017,924193303,8429,74,45,31110,45,119,38,9273,189,100,-7,Major,64,65,9,25,222,2,3,76
Part Of Me,Katy Perry,Dance Pop,2012,608228647,4963,236,15,21939,91,7961,106,16913,22,130,-5,Major,92,68,7,77,216,0,4,71
Partition,Beyoncé,Dance Pop,2014,381161027,2988,210,18,5386,18,1,2,37969,68,186,-12,Minor,44,41,31,17,319,3,29,65
Party Rock Anthem,LMFAO,Dance Pop,2011,686734357,6026,382,169,24015,97,3337,79,31968,171,130,-4,Major,74,75,27,35,262,2,16,72
Payphone,Maroon 5,Pop,2012,1357608774,14739,50,63,21922,69,4371,107,18182,191,110,-5,Major,75,74,29,55,231,2,4,85
People Like Us,Kelly Clarkson,Dance Pop,2013,231996128,1622,226,52,32207,52,8,18,17566,75,128,-5,Minor,79,60,36,61,259,4,4,45
Pep Rally,Missy Elliott,Dance Pop,2016,236857112,1647,224,3,32318,3,42,12,9570,273,90,-4,Major,75,83,20,32,263,22,12,47
Perfect,One Direction,Boy Band,2015,267789608,1992,173,1,12637,1,11,48,9548,293,100,-5,Minor,82,65,12,40,230,6,8,55
Perfect Duet (Ed Sheeran & Beyoncé),Ed Sheeran,Pop,2018,1163620694,10826,83,87,31557,87,"2,430",40,17984,225,95,-7,Minor,30,59,12,36,260,78,3,85
Perfect Illusion,Lady Gaga,Dance Pop,2016,432702334,3423,134,12,9634,12,173,11,32804,238,125,-5,Minor,86,61,36,66,182,0,4,67
Picky - Remix,Joey Montana,Latin,2016,203436468,1444,267,47,8230,47,15,23,4542,233,186,-3,Major,81,70,37,69,225,9,7,29
PILLOWTALK,ZAYN,Dance Pop,2016,404664135,3202,145,44,6763,44,24,36,23823,333,125,-4,Major,70,59,9,43,204,10,5,66
Play Hard (feat. Ne-Yo & Akon) - New Edit,David Guetta,Dance Pop,2013,446390129,3501,396,117,36522,117,843,4,30601,167,130,-3,Major,87,72,66,68,209,4,4,67
Please Don't Go,Mike Posner,Dance Pop,2011,346127840,2696,258,39,28010,63,5140,200,20412,106,120,-4,Minor,88,70,13,66,197,0,3,63
Pom Poms,Jonas Brothers,Boy Band,2013,250305248,1888,166,15,11587,15,5,15,27116,318,148,-2,Minor,98,68,28,90,198,7,9,52
Pompeii,Bastille,Metropopolis,2014,723894473,6332,290,27,568,27,8,35,8643,387,127,-6,Major,72,68,27,57,214,8,4,73
Prayer in C - Robin Schulz Radio Edit,Lilly Wood and The Prick,French Indie Pop,2015,293466523,2226,100,125,19382,125,435,6,10117,197,123,-5,Major,89,76,62,78,189,2,3,58
Praying,Kesha,Dance Pop,2017,1056760045,9389,76,54,39668,19,102,40,18950,89,73,-7,Minor,39,58,11,32,230,49,3,77
Price Tag,Jessie J,Australian Pop,2011,685032533,5897,193,191,20663,50,6467,150,11380,204,175,-4,Minor,83,64,27,68,223,3,18,72
Problem,Ariana Grande,Dance Pop,2014,863625566,7758,336,113,548,113,695,10,14092,4,103,-5,Major,81,66,16,63,194,2,15,75
Raise Your Glass,P!nk,Dance Pop,2011,218320587,1517,210,216,589,65,2895,52,24370,229,122,-7,Major,64,68,12,56,208,0,12,38
Rather Be (feat. Jess Glynne),Clean Bandit,Dance Pop,2015,720434240,6180,427,3,36702,3,57,50,26024,185,121,-7,Minor,59,80,19,55,228,16,4,73
Reality - Radio Edit,Lost Frequencies,Belgian EDM,2015,317622165,2461,298,38,34721,38,12,31,8272,363,122,-8,Minor,70,71,7,60,159,2,3,61
Reality (feat. Janieck Devy) - Radio Edit,Lost Frequencies,Belgian EDM,2017,301051721,2304,191,21,2575,21,65,43,21430,251,122,-7,Minor,64,73,8,53,158,2,4,59
Really Don't Care,Demi Lovato,Dance Pop,2015,554875730,4526,416,5,13786,84,10,1,24011,388,121,-4,Major,73,71,19,85,202,12,9,70
Reggaetón Lento (Remix),CNCO,Boy Band,2017,588955257,4771,441,2,23968,2,57,11,19348,134,94,-3,Major,91,53,10,62,189,15,9,71
Remember I Told You,Nick Jonas,Dance Pop,2017,258714692,1930,210,6,24090,6,124,1,9288,20,113,-6,Minor,53,68,4,84,202,14,28,53
Rich Boy,Galantis,Big Room,2017,267758538,1986,244,36,16624,58,22,16,24841,292,110,-2,Major,90,74,8,65,184,7,5,55
Rich Love (with Seeb),OneRepublic,Dance Pop,2017,540539717,4427,289,155,7934,155,"2,854",6,14678,387,105,-4,Major,87,40,36,47,201,17,31,70
Right Now - Dyro Radio Edit,Rihanna,Barbadian Pop,2013,223582566,1560,448,51,25584,24,9518,11,38741,24,130,-6,Minor,74,53,24,45,186,0,4,42
Rise,Katy Perry,Dance Pop,2016,403939487,3133,263,41,27038,81,4,22,18559,111,101,-6,Minor,64,55,11,44,203,5,5,66
Roar,Katy Perry,Dance Pop,2013,1260594497,12859,60,21,38884,21,31,11,10736,356,180,-5,Minor,77,55,35,46,224,0,4,78
Rock N Roll,Avril Lavigne,Canadian Pop,2013,323358833,2520,283,66,34378,66,10,23,1479,293,184,-3,Major,96,47,34,67,207,1,13,61
Rock That Body,The Black Eyed Peas,Dance Pop,2010,304079786,2341,328,360,24418,90,5378,194,11650,63,125,-6,Major,91,72,43,84,269,2,10,59
Rockabye (feat. Sean Paul & Anne-Marie),Clean Bandit,Dance Pop,2017,1180896317,11434,73,6,19321,6,85,1,2913,45,102,-4,Major,76,72,18,74,251,41,5,78
Rolling in the Deep,Adele,British Soul,2011,1024858327,9122,62,495,1155,87,9108,132,2281,4,105,-5,Minor,76,73,5,52,228,13,3,76
Roses,The Chainsmokers,Electropop,2016,797196073,6890,304,41,12200,41,114,1,36748,312,100,-7,Major,80,71,31,34,227,4,6,74
Rude,MAGIC!,Pop,2014,1355959075,14311,50,11,34614,47,52,20,19241,44,144,-5,Major,76,77,31,93,225,4,4,85
Run Away With Me,Carly Rae Jepsen,Canadian Pop,2016,342897938,2636,233,1,21954,1,15,11,26860,107,119,-6,Major,72,56,5,25,251,1,5,63
Run Run Run,Kelly Clarkson,Dance Pop,2015,212109195,1484,285,65,34127,65,28,5,10282,77,112,-7,Minor,37,28,11,8,273,45,4,36
Run the World (Girls),Beyoncé,Dance Pop,2011,1023187129,9082,61,128,34087,53,6599,133,31470,333,127,-4,Minor,90,73,37,76,236,0,14,76
Runnin' (Lose It All),Naughty Boy,Tropical House,2015,499710590,4049,137,14,8165,69,18,20,27830,236,139,-6,Major,85,32,48,8,213,1,8,69
Runnin' (Lose It All),Naughty Boy,Tropical House,2016,496795686,3995,336,9,30313,9,17,25,21879,295,139,-6,Major,85,32,48,8,213,1,8,69
S&M Remix,Rihanna,Barbadian Pop,2011,266624541,1985,268,152,32918,92,9059,60,19724,112,128,-3,Minor,81,82,5,89,257,5,5,54
Same Old Love,Selena Gomez,Dance Pop,2015,498960285,4013,272,21,32903,21,11,43,18179,74,98,-4,Minor,59,67,21,44,229,2,3,69
Say Something,Justin Timberlake,Dance Pop,2018,786181836,6821,260,30,10130,30,86,26,31682,234,97,-7,Minor,63,71,8,37,279,10,8,74
Say Something,A Great Big World,Neo Mellow,2014,319566866,2483,274,4,26474,84,5,25,9352,251,138,-9,Minor,15,45,9,9,229,87,3,61
Scars To Your Beautiful,Alessia Cara,Canadian Contemporary R&B,2016,1301799902,13801,55,15,30257,15,35,14,29278,311,97,-6,Minor,74,57,11,45,230,3,13,79
Secrets,OneRepublic,Dance Pop,2010,1133865788,10326,92,82,19982,58,5001,126,14514,313,148,-6,Minor,76,52,12,38,225,7,4,77
See You Again (feat. Charlie Puth),Wiz Khalifa,Hip Hop,2015,273914335,2020,171,16,16092,16,17,36,7216,162,80,-8,Major,48,69,6,28,230,37,8,56
Send My Love (To Your New Lover),Adele,British Soul,2016,312622938,2459,175,1,30795,1,50,40,39754,269,164,-8,Major,52,69,17,56,223,4,10,61
Señorita,Shawn Mendes,Canadian Pop,2019,2864791672,49991,1,71,14600,71,519,2,11180,279,117,-6,Minor,54,76,9,75,191,4,3,95
Set Fire to the Rain,Adele,British Soul,2012,988515741,8775,74,252,37665,60,256,194,12140,90,108,-4,Minor,68,61,13,47,242,0,3,76
Sexy And I Know It,LMFAO,Dance Pop,2011,457184829,3528,406,206,27018,50,7730,103,11547,390,130,-4,Minor,86,71,19,80,199,10,32,67
Sexy Bitch (feat. Akon),David Guetta,Dance Pop,2010,327498031,2537,350,148,19420,89,8183,93,15841,196,130,-5,Minor,63,81,13,80,196,8,5,61
Shake It Off,Taylor Swift,Pop,2014,1241559043,12688,60,21,20313,21,3,22,10208,362,160,-5,Minor,80,65,33,94,219,6,17,78
Shallow - Radio Edit,Lady Gaga,Dance Pop,2018,1424589568,15722,29,32,2025,32,137,15,30481,68,96,-7,Major,33,57,9,28,217,42,3,80
Shape of You,Ed Sheeran,Pop,2017,2513188493,36724,2,53,1772,53,181,33,37822,185,96,-3,Major,65,83,9,93,234,58,8,87
She Looks So Perfect,5 Seconds of Summer,Boy Band,2014,599770206,4873,433,82,12404,82,939,1,36522,235,160,-4,Minor,95,49,33,44,202,0,13,71
Sheezus,Lily Allen,Dance Pop,2014,213438580,1493,127,17,25721,17,2,39,18381,323,130,-7,Major,50,78,11,39,235,15,4,37
Shot Me Down (feat. Skylar Grey) - Radio Edit,David Guetta,Dance Pop,2014,319757142,2499,353,132,32162,132,17,6,17702,282,192,-4,Major,77,35,12,4,191,6,5,61
Shout Out to My Ex,Little Mix,Dance Pop,2016,1062345656,9424,85,13,9878,13,65,19,25230,1,126,-4,Minor,75,77,11,80,246,2,9,77
Sick Boy,The Chainsmokers,Electropop,2018,909001996,8109,62,34,2837,34,131,6,33834,17,90,-8,Major,58,66,12,45,193,11,5,76
Side To Side,Ariana Grande,Dance Pop,2017,1439191367,15890,22,77,15561,77,133,12,16763,350,159,-6,Major,74,65,24,61,226,5,23,80
Sign of the Times,Harry Styles,Dance Pop,2018,618885532,5140,401,40,30112,40,76,20,17081,42,120,-5,Major,57,52,11,21,341,3,3,72
Silence,Marshmello,Soul,2018,1695712020,21164,21,60,26131,60,107,1,16590,127,142,-3,Major,76,52,17,29,181,26,9,82
Sing,Ed Sheeran,Pop,2015,596152090,4846,208,26,20393,26,17,24,20944,79,120,-4,Major,67,82,6,94,235,30,5,71
Slide (feat. Frank Ocean & Migos),Calvin Harris,Dance Pop,2017,838586769,7556,318,27,21274,13,159,11,16197,311,104,-3,Major,80,74,25,51,231,50,5,75
Slow Hands,Niall Horan,Dance Pop,2017,355219175,2785,155,6,38482,6,46,48,39572,368,86,-7,Major,42,74,6,85,188,1,5,64
Some Nights,fun.,Baroque Pop,2012,675039469,5724,139,244,26788,86,2312,74,10902,391,108,-7,Major,74,67,9,39,277,2,5,72
Someone Like You,Adele,British Soul,2011,3743895074,60979,1,1,776,87,9944,161,60252,107,135,-8,Major,33,56,10,28,285,89,3,98
Someone You Loved,Lewis Capaldi,Pop,2019,2887241814,50887,1,114,60069,114,"1,481",15,3169,282,110,-6,Major,41,50,11,45,182,75,3,96
Something Just Like This,The Chainsmokers,Electropop,2017,1200808494,11500,65,96,17900,96,43,18,21155,288,103,-7,Minor,65,61,17,51,248,3,4,78
Something's Got A Hold On Me - Burlesque Original Motion Picture Soundtrack,Christina Aguilera,Dance Pop,2010,295998468,2264,300,121,15186,84,6451,154,26500,272,150,-4,Major,85,51,12,72,185,47,27,58
Sorry,Justin Bieber,Canadian Pop,2015,1624165576,20015,24,15,21714,15,13,11,8127,201,100,-4,Major,76,65,30,41,201,8,5,81
Sorry Not Sorry,Demi Lovato,Dance Pop,2018,1592909789,18773,47,133,22644,133,283,49,15861,208,144,-7,Minor,64,71,26,89,204,2,23,81
South of the Border (feat. Camila Cabello & Cardi B),Ed Sheeran,Pop,2019,2713922350,43899,1,61,11572,40,5,45,11857,86,98,-6,Major,62,86,9,67,204,15,8,92
Spark The Fire,Gwen Stefani,Dance Pop,2015,221409663,1524,117,63,39391,63,91,19,31294,294,120,-4,Minor,80,88,20,54,202,8,6,39
Sparks,Hilary Duff,Dance Pop,2015,229473310,1602,416,92,10029,92,"2,733",1,21188,269,122,-5,Major,88,85,10,79,186,4,6,44
St Jude,Florence + The Machine,Art Pop,2015,236940480,1657,190,51,31220,51,32,2,12956,292,117,-11,Major,43,26,11,9,225,75,3,47
Starboy,The Weeknd,Canadian Contemporary R&B,2017,2204080728,31123,4,13,12978,13,32,21,17264,34,186,-7,Major,59,68,14,49,230,14,28,85
Starships,Nicki Minaj,Dance Pop,2012,741301563,6518,123,405,11608,87,7865,109,24054,82,125,-2,Major,72,75,25,75,211,14,8,73
Start,John Legend,Neo Mellow,2016,236872197,1652,104,2,7758,2,38,2,9162,381,110,-15,Major,4,52,9,26,310,99,4,47
Starving,Hailee Steinfeld,Dance Pop,2016,1205951614,11975,74,71,38776,71,44,1,16374,269,100,-4,Major,62,73,11,51,182,38,6,78
Stay,Zedd,Complextro,2017,1435127549,15867,26,47,28325,93,396,49,17483,53,102,-5,Minor,62,69,12,54,210,25,6,80
Stay The Night - Featuring Hayley Williams Of Paramore,Zedd,Complextro,2014,363369738,2839,226,22,12916,22,748,29,29774,184,128,-3,Major,74,60,9,46,217,11,4,64
Stay With Me,Sam Smith,Pop,2014,2236667932,31358,3,181,35704,181,3,29,23939,303,84,-6,Minor,42,42,11,18,173,59,4,85
Steal My Girl,One Direction,Boy Band,2015,245350949,1795,293,99,32725,99,44,14,27552,33,77,-6,Major,76,47,14,52,227,0,4,51
Stereo Hearts (feat. Adam Levine),Gym Class Heroes,Dance Pop,2012,265882712,1966,372,395,35706,64,8756,73,20061,258,90,-3,Major,80,65,27,80,211,3,10,54
Stitches,Shawn Mendes,Canadian Pop,2015,1223481149,12382,70,7,13152,7,15,30,22451,393,150,-7,Major,75,75,5,76,207,2,7,78
Stitches,Shawn Mendes,Canadian Pop,2016,1221813483,12329,92,42,35704,42,23,11,10000,234,150,-7,Major,75,75,5,76,207,2,7,78
Story of My Life,One Direction,Boy Band,2013,1687664027,21081,21,77,29137,77,15,1,1597,72,121,-6,Major,66,60,12,29,245,23,5,81
Strip That Down (feat. Quavo),Liam Payne,Dance Pop,2017,489945871,3956,156,122,25856,122,"2,726",6,2303,182,106,-5,Major,50,87,8,55,202,20,5,69
Stronger (What Doesn't Kill You),Kelly Clarkson,Dance Pop,2012,812019557,7215,144,154,38193,55,7749,139,11672,138,116,-4,Major,94,56,11,68,222,5,5,74
Sucker,Jonas Brothers,Boy Band,2019,2288695111,33032,3,118,11042,118,"4,534",2,39397,307,138,-5,Major,73,84,11,95,181,4,6,86
Sugar,Maroon 5,Pop,2015,1641426668,20111,23,20,18463,20,4,30,15267,26,120,-7,Major,79,75,9,88,235,6,3,81
Sugar,Maroon 5,Pop,2015,405136812,3221,392,5,25228,5,3,27,28483,38,120,-7,Major,79,75,9,88,235,6,3,66
Sugar (feat. Francesco Yates),Robin Schulz,Dance Pop,2015,305771063,2393,258,49,28819,68,31,43,26709,179,123,-5,Minor,82,64,16,64,219,2,6,60
Suit & Tie,Justin Timberlake,Dance Pop,2013,476244795,3763,120,81,10226,81,974,1,33388,212,102,-4,Major,60,80,16,36,326,10,22,68
Summer,Calvin Harris,Dance Pop,2014,1472799873,17138,22,1,39392,1,8,24,25917,217,128,-4,Minor,86,60,14,74,223,2,3,80
Summer Bummer (feat. A$AP Rocky & Playboi Carti),Lana Del Rey,Art Pop,2017,430977451,3408,122,28,17556,28,43,31,34668,333,135,-9,Major,57,76,20,14,261,2,13,67
Summertime Sadness (Lana Del Rey Vs. Cedric Gervais) - Cedric Gervais Remix,Lana Del Rey,Art Pop,2013,807561936,7124,310,58,3831,58,247,1,38765,65,126,-6,Major,81,57,13,11,215,2,6,74
Super Bass,Nicki Minaj,Dance Pop,2011,219196651,1517,215,9,37555,80,7620,173,15579,361,127,-7,Minor,74,77,40,59,201,6,23,38
Supernova,Ansel Elgort,Dance Pop,2018,611700552,5115,386,10,37437,10,177,4,13939,380,140,-5,Major,62,77,21,68,191,6,10,72
Supplies,Justin Timberlake,Dance Pop,2018,283359161,2096,265,1,31770,1,80,2,13946,350,120,-7,Major,55,79,13,23,226,1,5,57
Sweet Nothing (feat. Florence Welch),Calvin Harris,Dance Pop,2013,674772936,5669,195,21,21089,4,39,23,38336,185,128,-4,Major,93,57,6,58,213,20,11,72
Swish Swish,Katy Perry,Dance Pop,2017,703301727,6080,132,10,17218,10,33,33,6506,109,120,-5,Major,71,84,10,57,243,2,4,73
Take Back the Night,Justin Timberlake,Dance Pop,2013,264717480,1962,281,123,37083,123,410,2,17816,63,107,-5,Minor,66,59,64,33,353,4,16,54
Take It Off,Kesha,Dance Pop,2010,421365166,3297,195,306,7190,84,8439,105,36190,354,125,-5,Major,68,73,9,74,215,0,3,66
Take Me To Church,Hozier,Irish Singer-Songwriter,2015,1647990401,20333,22,14,22808,14,80,12,29903,6,129,-5,Minor,66,57,12,44,242,63,5,81
Takeaway,The Chainsmokers,Electropop,2019,1788326445,22543,20,24,1802,24,"1,959",33,37613,188,100,-8,Major,51,53,10,35,210,13,3,83
"Taki Taki (feat. Selena Gomez, Ozuna & Cardi B)",DJ Snake,Electronic Trap,2019,1047101291,9161,87,32,21578,32,582,38,32352,80,96,-4,Minor,80,84,6,62,213,16,23,77
Talk (feat. Disclosure),Khalid,Alternative R&B,2019,1897517891,25653,13,266,11399,266,78,47,12337,267,136,-9,Major,40,90,6,35,198,5,13,84
Talk Dirty (feat. 2 Chainz),Jason Derulo,Dance Pop,2014,471819764,3711,126,2,154,2,33,42,34112,99,100,-7,Major,65,76,31,76,178,3,23,68
Team,Lorde,Art Pop,2014,723043854,6330,364,8,27755,8,5,37,33669,37,100,-7,Minor,58,69,31,42,193,17,9,73
Tee Shirt - Soundtrack Version,Birdy,Neo Mellow,2014,240580042,1685,147,3,21903,30,14,6,5998,262,76,-9,Major,34,68,9,56,160,84,3,49
Teenage Dream,Katy Perry,Dance Pop,2010,349746291,2711,437,321,25124,94,9716,88,26814,124,120,-5,Major,80,72,13,59,228,2,4,63
Telephone,Lady Gaga,Dance Pop,2010,769213520,6646,285,208,18271,50,8264,189,9250,147,122,-6,Minor,83,83,11,71,221,1,4,73
Tell Me You Love Me - NOTD Remix,Demi Lovato,Dance Pop,2018,225259194,1585,202,5,33952,5,67,1,18695,199,102,-5,Minor,77,58,9,76,182,5,8,44
Tequila,Dan + Shay,Contemporary Country,2018,899183384,8087,91,127,33777,127,"1,219",38,24024,238,86,-6,Major,59,47,13,50,196,3,3,76
That's What I Like,Bruno Mars,Pop,2017,1814349763,23575,18,85,25886,85,102,17,27733,259,134,-5,Major,56,85,9,86,207,1,4,83
The Cure,Lady Gaga,Dance Pop,2017,582981380,4673,424,35,25596,35,22,2,36322,157,100,-5,Minor,51,70,9,52,211,8,3,71
The Edge Of Glory,Lady Gaga,Dance Pop,2011,449701773,3517,450,314,12825,85,6258,54,4235,161,128,-6,Major,77,58,11,36,321,0,4,67
The Feeling,Justin Bieber,Canadian Pop,2015,432719968,3423,389,17,16818,17,11,31,5113,62,127,-6,Minor,81,53,10,21,245,8,6,67
The Greatest,Sia,Australian Dance,2017,933815613,8448,87,10,9724,10,267,12,27309,44,192,-6,Minor,73,67,6,73,210,1,27,76
The Heart Wants What It Wants,Selena Gomez,Dance Pop,2015,663832097,5403,247,3,34342,3,18,31,15725,139,83,-5,Minor,79,62,14,62,227,5,4,72
The Hills,The Weeknd,Canadian Contemporary R&B,2016,2011464183,27705,7,70,33174,70,"1,378",9,20104,126,113,-7,Major,56,58,14,14,242,7,5,84
The One That Got Away,Katy Perry,Dance Pop,2012,448843705,3506,104,52,33855,59,185,163,23712,81,134,-4,Minor,80,69,16,88,227,0,4,67
The Time (Dirty Bit),The Black Eyed Peas,Dance Pop,2010,573633020,4637,161,72,8926,68,275,145,3314,191,128,-8,Minor,81,82,60,44,308,7,7,70
The Way,Ariana Grande,Dance Pop,2013,477033549,3766,124,36,19974,36,1,42,3558,180,82,-3,Minor,88,65,8,86,227,29,11,68
There for You,Martin Garrix,Big Room,2017,929964809,8431,82,88,1585,88,62,12,39091,339,106,-8,Major,64,61,12,13,222,12,6,76
There's Nothing Holdin' Me Back,Shawn Mendes,Canadian Pop,2018,1953533826,26792,10,54,24163,54,710,14,26063,4,122,-4,Minor,81,87,8,97,199,38,6,84
These Days,Rudimental,Dance Pop,2018,1410088830,15563,45,64,18663,64,964,9,14383,372,92,-4,Minor,81,65,17,55,211,19,5,80
Thinking out Loud,Ed Sheeran,Pop,2015,2132335812,29499,4,5,18079,5,8,12,11401,283,79,-6,Major,45,78,18,59,282,47,3,84
This Is How We Do,Katy Perry,Dance Pop,2014,412795151,3257,413,7,30735,7,11,34,12654,90,96,-6,Minor,64,69,15,80,204,2,5,66
This Is What You Came For,Calvin Harris,Dance Pop,2016,1449799467,16636,37,1,11794,1,36,1,3379,251,124,-3,Major,93,63,15,47,222,20,3,80
This Town,Niall Horan,Dance Pop,2018,354614964,2780,421,12,884,12,78,12,20883,366,112,-8,Major,41,68,12,20,233,70,3,64
Thrift Shop (feat. Wanz),Macklemore & Ryan Lewis,Dance Pop,2013,510876816,4169,222,21,27649,21,7,28,31354,374,95,-7,Major,53,78,5,66,236,6,29,69
TiK ToK,Kesha,Dance Pop,2010,1553497987,17836,50,214,15501,87,4085,68,28242,122,120,-3,Minor,84,76,29,71,200,10,14,80
Till the World Ends,Britney Spears,Dance Pop,2011,393230256,3028,440,305,30438,59,2254,64,7970,360,132,-6,Minor,71,69,20,45,238,2,7,65
Time of Our Lives,Pitbull,Dance Pop,2015,231657891,1613,235,69,1214,3,28,13,35960,176,124,-6,Minor,80,72,69,72,229,9,6,45
Tired,Alan Walker,Electro House,2017,539595276,4375,332,28,8170,28,43,4,21415,26,124,-4,Major,88,69,15,49,192,4,6,70
Titanium (feat. Sia),David Guetta,Dance Pop,2012,1479264469,17492,29,49,36965,54,4476,194,38749,319,126,-4,Minor,79,60,13,30,245,7,10,80
TKO,Justin Timberlake,Dance Pop,2013,294352144,2229,257,125,3853,125,"1,800",16,38909,347,138,-7,Minor,68,61,43,49,424,1,24,58
Tonight (I'm Fuckin' You),Enrique Iglesias,Dance Pop,2011,348647203,2697,376,96,11284,69,2262,81,32865,113,126,-4,Major,89,65,12,32,232,3,5,63
Tonight Tonight,Hot Chelle Rae,Dance Pop,2011,885093467,7930,64,247,29783,81,1499,131,10564,138,100,-5,Minor,78,69,16,81,200,8,12,75
Too Good,Drake,Canadian Hip Hop,2016,797402345,6952,115,68,25679,1,29,50,36571,194,118,-8,Major,65,79,10,39,263,5,10,74
Toothbrush,DNCE,Dance Pop,2016,646886885,5281,296,1,38178,1,58,15,7085,228,105,-6,Minor,79,55,47,82,232,12,13,72
Touch (feat. Kid Ink),Little Mix,Dance Pop,2017,299648208,2301,299,17,29036,17,154,37,18799,3,102,-4,Minor,75,64,49,53,203,4,11,59
Trampoline (with ZAYN),SHAED,Electropop,2019,2665343922,43257,2,129,22355,129,"3,895",6,36128,349,127,-6,Minor,46,62,14,50,184,56,3,92
Treasure,Bruno Mars,Pop,2014,1115880852,9974,87,14,26533,14,2,30,28656,53,116,-5,Major,69,87,32,94,179,4,4,77
Treat You Better,Shawn Mendes,Canadian Pop,2017,2009094673,27221,8,13,25937,13,93,16,39054,125,83,-4,Minor,82,44,11,75,188,11,34,84
True Colors,Zedd,Complextro,2016,245095641,1794,134,57,4730,82,8,4,17933,48,126,-3,Major,79,57,10,49,225,40,4,51
Trumpets,Jason Derulo,Dance Pop,2015,500340342,4053,259,5,16606,5,6,34,4014,188,82,-5,Minor,70,63,10,64,217,56,24,69
Truth Hurts,Lizzo,Pop,2019,2591224264,41751,2,67,37965,67,"1,066",1,37729,384,158,-3,Major,62,72,12,41,173,11,11,90
Try,P!nk,Dance Pop,2012,809306935,7191,230,184,32739,61,7241,58,18500,28,104,-7,Minor,63,67,9,55,248,0,3,74
Try Sleeping with a Broken Heart,Alicia Keys,Hip Hop,2010,335074782,2597,149,278,2315,95,5651,103,22110,180,111,-5,Major,82,50,13,55,249,16,11,62
Turn Up the Music,Chris Brown,Dance Pop,2012,391251368,3009,175,315,8911,72,786,132,25047,162,130,-6,Major,84,59,16,64,228,0,10,65
Turning Page,Sleeping At Last,Acoustic Pop,2011,236060709,1640,257,422,22970,94,185,89,14984,79,125,-8,Major,38,30,11,19,255,91,3,46
Under Control,Calvin Harris,Dance Pop,2013,807015863,7112,436,9,19546,9,5,34,17300,323,126,-3,Minor,92,54,12,51,184,13,8,74
Underneath the Tree,Kelly Clarkson,Dance Pop,2013,2559529074,40112,2,2,31086,2,13,42,24645,166,160,-5,Minor,81,51,21,69,230,0,5,88
Up,Olly Murs,Dance Pop,2015,501541661,4057,373,130,38472,130,625,38,35308,151,115,-5,Major,85,69,10,64,224,2,3,69
Uptown Funk,Mark Ronson,Dance Pop,2015,1759567999,22153,20,27,30012,27,29,1,4504,14,115,-7,Minor,61,86,3,93,270,1,8,82
Wait,Maroon 5,Pop,2018,427486004,3311,403,88,37903,88,434,3,17120,373,126,-5,Major,60,66,11,45,191,10,6,85
Wake Me Up,Avicii,Big Room,2013,2280566092,31762,3,3,28487,3,3,43,4860,48,124,-6,Major,78,53,16,64,247,0,5,85
Walk On Water (feat. Beyoncé),Eminem,Detroit Hip Hop,2018,367316268,2881,202,99,34347,99,251,25,20410,13,82,-10,Major,44,48,64,62,304,81,24,65
Walks Like Rihanna,The Wanted,Boy Band,2013,334733572,2590,383,9,6547,9,1925,43,1299,325,126,-3,Major,82,56,10,43,202,1,6,62
Want To,Dua Lipa,Dance Pop,2018,429504768,3372,149,21,24307,21,15,40,28227,370,92,-5,Minor,69,57,6,32,212,8,12,67
Want to Want Me,Jason Derulo,Dance Pop,2015,1109433169,9771,95,7,34838,7,15,46,33791,188,114,-6,Major,68,78,11,66,208,1,6,77
Water Under the Bridge,Adele,British Soul,2017,238350348,1681,410,1,39394,1,62,26,7448,149,95,-7,Major,84,60,11,47,240,2,7,49
Waves - Robin Schulz Radio Edit,Mr. Probz,Tropical House,2015,1089402494,9644,75,69,35641,39,4,49,29918,122,120,-9,Major,51,83,8,45,208,1,4,77
We Are Here,Alicia Keys,Hip Hop,2015,239411309,1682,186,20,37807,20,7,15,30598,148,93,-6,Major,67,64,8,8,285,43,4,49
We Are Never Ever Getting Back Together,Taylor Swift,Pop,2012,882831184,7923,98,355,8681,69,2342,173,13999,175,86,-6,Minor,68,63,12,75,193,1,9,85
We Are Never Ever Getting Back Together,Taylor Swift,Pop,2013,872137015,7858,91,20,20930,67,7,19,34808,365,86,-6,Major,68,63,12,75,193,1,9,85
We Are One (Ole Ola) [The Official 2014 FIFA World Cup Song],Pitbull,Dance Pop,2014,277132266,2035,380,9,5845,9,2,5,18847,191,125,-4,Minor,94,60,10,55,222,0,7,56
We Are Young (feat. Janelle Monáe),fun.,Baroque Pop,2012,345903614,2688,401,273,26470,65,6778,99,25671,168,184,-6,Minor,64,38,8,74,251,2,8,63
We Can't Stop,Miley Cyrus,Dance Pop,2013,1256880657,12854,59,65,25621,65,476,31,30033,106,80,-6,Minor,62,61,37,48,231,1,3,78
We Don't Talk Anymore - DROELOE Remix,Charlie Puth,Dance Pop,2017,299634472,2297,360,45,39704,45,27,15,24053,319,100,-5,Minor,82,70,45,67,218,49,22,59
We Found Love,Rihanna,Barbadian Pop,2011,325592432,2536,427,183,16806,52,1704,129,30676,263,128,-4,Minor,77,73,11,60,215,3,4,61
We Own The Night,The Wanted,Boy Band,2013,279737940,2066,290,15,20310,15,7526,43,38027,299,104,-4,Major,94,55,23,56,206,1,13,56
We R Who We R,Kesha,Dance Pop,2011,685071800,5898,413,124,1178,81,9381,194,3576,333,120,-5,Minor,82,74,12,65,205,1,4,72
What About Love,Austin Mahone,Dance Pop,2013,265548837,1963,149,111,11899,111,151,4,36779,47,100,-7,Major,78,63,4,28,203,0,4,54
What About Us,P!nk,Dance Pop,2018,399686758,3098,290,73,9013,73,142,49,34255,271,114,-6,Minor,59,39,9,19,272,3,6,66
What Do You Mean?,Justin Bieber,Canadian Pop,2015,1309887447,14140,56,3,29477,3,12,12,34252,201,125,-8,Major,57,85,8,79,206,59,10,79
What Do You Mean? - Acoustic,Justin Bieber,Canadian Pop,2015,357925728,2800,211,1,16089,1,15,14,14716,203,125,-11,Major,36,77,10,76,204,79,4,64
What I Need (feat. Kehlani),Hayley Kiyoko,Dance Pop,2018,428685680,3328,372,9,35978,9,100,22,17714,148,104,-4,Minor,79,63,16,41,220,5,6,67
What Lovers Do (feat. SZA),Maroon 5,Pop,2018,1279434863,13315,54,55,36126,55,95,7,9499,267,110,-5,Major,60,80,10,42,200,8,6,85
What Makes You Beautiful,One Direction,Boy Band,2012,1264310836,12985,51,313,20423,86,7791,143,2521,95,125,-2,Major,79,73,6,89,200,1,7,78
What the Hell,Avril Lavigne,Canadian Pop,2011,822239726,7324,136,61,1209,61,1723,146,26213,179,150,-4,Major,93,58,14,88,221,0,5,74
Whataya Want from Me,Adam Lambert,Australian Pop,2010,422691058,3299,207,235,34082,60,1712,162,12317,396,186,-5,Major,68,44,6,45,227,1,5,66
What's My Name?,Rihanna,Barbadian Pop,2011,518745108,4204,179,192,38456,93,6204,191,3093,65,100,-3,Major,79,69,8,58,263,23,7,69
When We Were Young,Adele,British Soul,2016,290833204,2209,245,9,19993,9,16,6,26993,222,144,-6,Minor,59,38,9,27,291,35,5,58
Where Have You Been,Rihanna,Barbadian Pop,2012,480507035,3794,264,141,14362,85,5149,139,3154,374,128,-6,Minor,85,72,22,44,243,0,9,68
Wherever I Go,OneRepublic,Dance Pop,2016,403231558,3113,361,96,7734,96,790,2,6843,22,100,-6,Major,69,55,27,35,170,9,4,66
Wide Awake,Katy Perry,Dance Pop,2012,479655659,3788,104,90,24849,62,8099,132,24117,164,160,-5,Minor,68,51,39,57,221,7,4,68
Wiggle (feat. Snoop Dogg),Jason Derulo,Dance Pop,2014,445590495,3469,196,15,4007,15,10,17,5384,352,82,-7,Major,62,70,16,72,193,8,25,67
Wild Thoughts (feat. Rihanna & Bryson Tiller),DJ Khaled,Dance Pop,2018,920797189,8327,81,1,23144,52,291,6,16034,386,98,-3,Minor,67,67,12,63,204,3,7,76
Wings,Birdy,Neo Mellow,2014,333146475,2585,396,160,31969,160,"6,284",1,21130,47,83,-5,Major,71,47,16,22,252,8,3,62
Wish That You Were Here - From Miss Peregrines Home for Peculiar Children Original Motion Picture,Florence + The Machine,Art Pop,2016,284908316,2127,311,36,25949,36,46,13,24338,209,94,-6,Major,57,37,13,12,403,72,3,57
Without You (feat. Usher),David Guetta,Dance Pop,2011,481697415,3818,376,64,29833,88,4906,114,6726,155,128,-4,Major,61,61,16,40,208,23,3,68
Wolves,Selena Gomez,Dance Pop,2018,1806617704,23375,18,82,23252,82,531,1,9845,380,125,-5,Major,80,72,20,31,198,12,4,83
Words as Weapons,Birdy,Neo Mellow,2014,229497852,1608,300,67,1073,65,32,1,12410,287,120,-9,Major,35,53,14,19,239,28,3,44
Work,Rihanna,Barbadian Pop,2016,1223481149,12353,72,9,25069,9,3,18,28622,247,92,-6,Major,53,73,9,56,219,8,9,78
Work Bitch,Britney Spears,Dance Pop,2013,607123776,4942,306,17,32112,17,5,24,20237,231,128,-7,Minor,82,63,7,85,248,16,16,71
Work from Home (feat. Ty Dolla $ign),Fifth Harmony,Dance Pop,2016,1302184087,13985,59,8,31351,8,270,2,27203,117,105,-6,Major,59,80,6,59,214,10,4,79
Worth It,Fifth Harmony,Dance Pop,2015,851070493,7731,168,18,33288,18,7,2,7626,295,100,-4,Major,77,88,12,59,225,6,9,75
Wrecking Ball,Miley Cyrus,Dance Pop,2013,1122364376,10147,97,52,27136,52,11,13,13187,106,120,-6,Major,42,53,11,35,221,41,3,77
Written in the Stars (feat. Eric Turner),Tinie Tempah,Dance Pop,2010,256483385,1929,289,103,14214,99,8241,199,31642,201,91,-4,Major,95,64,18,57,220,6,7,52
WTF (Where They From),Missy Elliott,Dance Pop,2016,293186992,2226,145,7,11856,7,70,16,27415,217,120,-3,Minor,82,93,6,56,193,2,20,58
XO,Beyoncé,Dance Pop,2014,278920007,2040,324,99,24718,99,"4,623",1,29531,299,170,-9,Major,79,47,31,21,216,17,26,56
Yeah 3x,Chris Brown,Dance Pop,2011,516784627,4198,444,170,9165,79,1357,55,32121,341,130,-3,Major,88,71,9,70,242,0,4,69
Yesterday (feat. Bebe Rexha),David Guetta,Dance Pop,2015,233801632,1638,384,5,22943,72,29,19,10967,26,128,-4,Major,78,57,33,28,243,2,3,46
You And I,Lady Gaga,Dance Pop,2011,363467642,2844,380,250,32286,76,535,160,3654,104,127,-5,Major,70,52,9,52,307,9,5,64
You Da One,Rihanna,Barbadian Pop,2012,287278853,2171,368,112,7898,60,7129,193,39385,140,127,-5,Minor,72,70,13,86,200,50,4,57
You Lost Me,Christina Aguilera,Dance Pop,2010,282883169,2092,402,292,17199,56,1564,174,14054,363,43,-6,Major,39,23,14,7,257,85,4,56
Young Girls,Bruno Mars,Pop,2014,445763624,3486,141,3,2011,87,11,12,10861,26,126,-5,Major,75,56,21,50,229,46,3,85
Younger Now,Miley Cyrus,Dance Pop,2017,330881149,2575,341,62,34141,4,30,24,17058,49,122,-5,Minor,87,55,14,33,249,0,6,62
Your Love Is My Drug,Kesha,Dance Pop,2010,527033089,4260,233,26,2188,56,1827,83,38307,225,120,-4,Major,61,83,9,76,187,1,10,69
You're Mine (Eternal),Mariah Carey,Dance Pop,2014,213505179,1494,240,68,13580,68,266,1,18258,37,149,-7,Major,58,63,38,56,224,28,7,38
Youth (feat. Khalid),Shawn Mendes,Canadian Pop,2018,834129063,7536,357,22,24307,22,365,2,31429,57,100,-7,Minor,60,53,13,32,191,56,12,75
